,inhibitor,inchi,inchikey,canonical_smiles
0,(5Z)-7-Oxozeaenol,"InChI=1S/C19H22O7/c1-11-5-3-7-14(20)18(23)15(21)8-4-6-12-9-13(25-2)10-16(22)17(12)19(24)26-11/h3-4,6-7,9-11,15,18,21-23H,5,8H2,1-2H3/b6-4+,7-3-/t11-,15-,18+/m0/s1",NEQZWEXWOFPKOT-BYRRXHGESA-N,CC1CC=CC(=O)C(C(CC=CC2=C(C(=CC(=C2)OC)O)C(=O)O1)O)O
1,5-Fluorouracil,"InChI=1S/C4H3FN2O2/c5-2-1-6-4(9)7-3(2)8/h1H,(H2,6,7,8,9)",GHASVSINZRGABV-UHFFFAOYSA-N,C1=C(C(=O)NC(=O)N1)F
2,A-443654,"InChI=1S/C24H23N5O/c1-15-22-10-16(6-7-24(22)29-28-15)17-9-20(13-26-11-17)30-14-19(25)8-18-12-27-23-5-3-2-4-21(18)23/h2-7,9-13,19,27H,8,14,25H2,1H3,(H,28,29)/t19-/m0/s1",YWTBGJGMTBHQTM-IBGZPJMESA-N,CC1=C2C=C(C=CC2=NN1)C3=CC(=CN=C3)OCC(CC4=CNC5=CC=CC=C54)N
3,A-770041,"InChI=1S/C34H39N9O3/c1-21(44)41-14-16-42(17-15-41)24-9-11-25(12-10-24)43-33-30(32(35)36-20-37-33)31(39-43)23-8-13-26(29(19-23)46-3)38-34(45)28-18-22-6-4-5-7-27(22)40(28)2/h4-8,13,18-20,24-25H,9-12,14-17H2,1-3H3,(H,38,45)(H2,35,36,37)",ZMNWFTYYYCSSTF-UHFFFAOYSA-N,CC(=O)N1CCN(CC1)C2CCC(CC2)N3C4=NC=NC(=C4C(=N3)C5=CC(=C(C=C5)NC(=O)C6=CC7=CC=CC=C7N6C)OC)N
4,A-83-01,"InChI=1S/C25H19N5S/c1-17-8-7-13-23(27-17)24-21(19-14-15-26-22-12-6-5-11-20(19)22)16-30(29-24)25(31)28-18-9-3-2-4-10-18/h2-16H,1H3,(H,28,31)",HIJMSZGHKQPPJS-UHFFFAOYSA-N,CC1=NC(=CC=C1)C2=NN(C=C2C3=CC=NC4=CC=CC=C34)C(=S)NC5=CC=CC=C5
5,ACY-1215,"InChI=1S/C24H27N5O3/c30-22(28-32)15-9-1-2-10-16-25-23(31)19-17-26-24(27-18-19)29(20-11-5-3-6-12-20)21-13-7-4-8-14-21/h3-8,11-14,17-18,32H,1-2,9-10,15-16H2,(H,25,31)(H,28,30)",QGZYDVAGYRLSKP-UHFFFAOYSA-N,C1=CC=C(C=C1)N(C2=CC=CC=C2)C3=NC=C(C=N3)C(=O)NCCCCCCC(=O)NO
6,AGI-6780,"InChI=1S/C21H18F3N3O3S2/c22-21(23,24)14-2-1-3-16(10-14)25-20(28)26-19-11-17(32(29,30)27-15-4-5-15)6-7-18(19)13-8-9-31-12-13/h1-3,6-12,15,27H,4-5H2,(H2,25,26,28)",CCAWRGNYALGPQH-UHFFFAOYSA-N,C1CC1NS(=O)(=O)C2=CC(=C(C=C2)C3=CSC=C3)NC(=O)NC4=CC=CC(=C4)C(F)(F)F
7,AICA Ribonucleotide,"InChI=1S/C9H15N4O8P/c10-7-4(8(11)16)12-2-13(7)9-6(15)5(14)3(21-9)1-20-22(17,18)19/h2-3,5-6,9,14-15H,1,10H2,(H2,11,16)(H2,17,18,19)/t3-,5-,6-,9-/m1/s1",NOTGFIUVDGNKRI-UUOKFMHZSA-N,C1=NC(=C(N1C2C(C(C(O2)COP(=O)(O)O)O)O)N)C(=O)N
8,AKT inhibitor VIII,"InChI=1S/C34H29N7O/c42-34-39-26-8-4-5-9-31(26)41(34)25-14-16-40(17-15-25)20-22-10-12-24(13-11-22)33-32(23-6-2-1-3-7-23)37-29-18-27-28(36-21-35-27)19-30(29)38-33/h1-13,18-19,21,25,38H,14-17,20H2,(H,39,42)",IWCQHVUQEFDRIW-UHFFFAOYSA-N,C1CN(CCC1N2C3=CC=CC=C3NC2=O)CC4=CC=C(C=C4)C5=C(N=C6C=C7C(=NC=N7)C=C6N5)C8=CC=CC=C8
9,AR-42,"InChI=1S/C18H20N2O3/c1-12(2)16(13-6-4-3-5-7-13)18(22)19-15-10-8-14(9-11-15)17(21)20-23/h3-12,16,23H,1-2H3,(H,19,22)(H,20,21)/t16-/m0/s1",LAMIXXKAWNLXOC-INIZCTEOSA-N,CC(C)C(C1=CC=CC=C1)C(=O)NC2=CC=C(C=C2)C(=O)NO
10,ARRY-520,"InChI=1S/C20H22F2N4O2S/c1-25(28-2)19(27)26-20(11-6-12-23,14-7-4-3-5-8-14)29-18(24-26)16-13-15(21)9-10-17(16)22/h3-5,7-10,13H,6,11-12,23H2,1-2H3/t20-/m0/s1",LLXISKGBWFTGEI-FQEVSTJZSA-N,CN(C(=O)N1C(SC(=N1)C2=C(C=CC(=C2)F)F)(CCCN)C3=CC=CC=C3)OC
11,AS601245,"InChI=1S/C20H16N6S/c21-12-15(19-25-17-5-1-2-6-18(17)27-19)16-8-11-24-20(26-16)23-10-7-14-4-3-9-22-13-14/h1-6,8-9,11,13,15H,7,10H2,(H,23,24,26)",RCYPVQCPYKNSTG-UHFFFAOYSA-N,C1=CC=C2C(=C1)N=C(S2)C(C#N)C3=NC(=NC=C3)NCCC4=CN=CC=C4
12,AS605240,"InChI=1S/C12H7N3O2S/c16-11-10(18-12(17)15-11)6-7-1-2-8-9(5-7)14-4-3-13-8/h1-6H,(H,15,16,17)/b10-6-",SQWZFLMPDUSYGV-POHAHGRESA-N,C1=CC2=NC=CN=C2C=C1C=C3C(=O)NC(=O)S3
13,AST-1306,"InChI=1S/C24H18ClFN4O2/c1-2-23(31)29-17-6-8-21-19(11-17)24(28-14-27-21)30-18-7-9-22(20(25)12-18)32-13-15-4-3-5-16(26)10-15/h2-12,14H,1,13H2,(H,29,31)(H,27,28,30)",MVZGYPSXNDCANY-UHFFFAOYSA-N,C=CC(=O)NC1=CC2=C(C=C1)N=CN=C2NC3=CC(=C(C=C3)OCC4=CC(=CC=C4)F)Cl
14,AT-7519,"InChI=1S/C16H17Cl2N5O2/c17-10-2-1-3-11(18)13(10)15(24)22-12-8-20-23-14(12)16(25)21-9-4-6-19-7-5-9/h1-3,8-9,19H,4-7H2,(H,20,23)(H,21,25)(H,22,24)",OVPNQJVDAFNBDN-UHFFFAOYSA-N,C1CNCCC1NC(=O)C2=C(C=NN2)NC(=O)C3=C(C=CC=C3Cl)Cl
15,AT7867,"InChI=1S/C20H20ClN3/c21-19-7-5-18(6-8-19)20(9-11-22-12-10-20)17-3-1-15(2-4-17)16-13-23-24-14-16/h1-8,13-14,22H,9-12H2,(H,23,24)",LZMOSYUFVYJEPY-UHFFFAOYSA-N,C1CNCCC1(C2=CC=C(C=C2)C3=CNN=C3)C4=CC=C(C=C4)Cl
16,AZ20,"InChI=1S/C21H24N4O3S/c1-14-13-28-11-10-25(14)19-12-18(21(7-8-21)29(2,26)27)23-20(24-19)16-4-3-5-17-15(16)6-9-22-17/h3-6,9,12,14,22H,7-8,10-11,13H2,1-2H3/t14-/m1/s1",SCGCBAAYLFTIJU-CQSZACIVSA-N,CC1COCCN1C2=NC(=NC(=C2)C3(CC3)S(=O)(=O)C)C4=C5C=CNC5=CC=C4
17,AZ628,"InChI=1S/C27H25N5O2/c1-17-8-9-21(31-25(33)18-6-5-7-19(12-18)27(2,3)15-28)14-24(17)30-20-10-11-23-22(13-20)26(34)32(4)16-29-23/h5-14,16,30H,1-4H3,(H,31,33)",ZGBGPEDJXCYQPH-UHFFFAOYSA-N,CC1=C(C=C(C=C1)NC(=O)C2=CC(=CC=C2)C(C)(C)C#N)NC3=CC4=C(C=C3)N=CN(C4=O)C
18,AZD1208,"InChI=1S/C21H21N3O2S/c22-16-9-5-11-24(13-16)19-15(12-18-20(25)23-21(26)27-18)8-4-10-17(19)14-6-2-1-3-7-14/h1-4,6-8,10,12,16H,5,9,11,13,22H2,(H,23,25,26)/b18-12-/t16-/m1/s1",MCUJKPPARUPFJM-UWCCDQBKSA-N,C1CC(CN(C1)C2=C(C=CC=C2C3=CC=CC=C3)C=C4C(=O)NC(=O)S4)N
19,AZD1332,"InChI=1S/C17H19ClFN7O/c1-9(2)27-15-6-14(25-26-15)23-16-12(18)8-21-17(24-16)22-10(3)13-5-4-11(19)7-20-13/h4-10H,1-3H3,(H3,21,22,23,24,25,26)",LBVKEEFIPBQIMD-UHFFFAOYSA-N,CC(C)OC1=NNC(=C1)NC2=NC(=NC=C2Cl)NC(C)C3=NC=C(C=C3)F
20,AZD1480,"InChI=1S/C14H14ClFN8/c1-7-3-11(24-23-7)21-13-10(15)6-19-14(22-13)20-8(2)12-17-4-9(16)5-18-12/h3-6,8H,1-2H3,(H3,19,20,21,22,23,24)/t8-/m0/s1",PDOQBOJDRPLBQU-QMMMGPOBSA-N,CC1=CC(=NN1)NC2=NC(=NC=C2Cl)NC(C)C3=NC=C(C=N3)F
21,AZD2014,"InChI=1S/C25H30N6O3/c1-16-14-33-11-9-30(16)23-20-7-8-21(18-5-4-6-19(13-18)24(32)26-3)27-22(20)28-25(29-23)31-10-12-34-15-17(31)2/h4-8,13,16-17H,9-12,14-15H2,1-3H3,(H,26,32)/t16-,17-/m0/s1",JUSFANSTBFGBAF-IRXDYDNUSA-N,CC1COCCN1C2=NC(=NC3=C2C=CC(=N3)C4=CC(=CC=C4)C(=O)NC)N5CCOCC5C
22,AZD3514,"InChI=1S/C25H32F3N7O2/c1-18(36)33-14-12-32(13-15-33)16-17-37-21-4-2-19(3-5-21)20-8-10-34(11-9-20)23-7-6-22-29-30-24(25(26,27)28)35(22)31-23/h2-5,20H,6-17H2,1H3",JMEYDSHPKCSIJC-UHFFFAOYSA-N,CC(=O)N1CCN(CC1)CCOC2=CC=C(C=C2)C3CCN(CC3)C4=NN5C(=NN=C5C(F)(F)F)CC4
23,AZD4547,"InChI=1S/C26H33N5O3/c1-17-15-31(16-18(2)27-17)22-9-6-20(7-10-22)26(32)28-25-13-21(29-30-25)8-5-19-11-23(33-3)14-24(12-19)34-4/h6-7,9-14,17-18,27H,5,8,15-16H2,1-4H3,(H2,28,29,30,32)/t17-,18+",VRQMAABPASPXMW-HDICACEKSA-N,CC1CN(CC(N1)C)C2=CC=C(C=C2)C(=O)NC3=NNC(=C3)CCC4=CC(=CC(=C4)OC)OC
24,AZD4877,"InChI=1S/C28H33N5O2S/c1-18(2)24(32(16-8-15-29)27(34)22-13-11-19(3)12-14-22)25-30-26-23(20(4)31-36-26)28(35)33(25)17-21-9-6-5-7-10-21/h5-7,9-14,18,24H,8,15-17,29H2,1-4H3",SMFXSYMLJDHGIE-UHFFFAOYSA-N,CC1=CC=C(C=C1)C(=O)N(CCCN)C(C2=NC3=C(C(=NS3)C)C(=O)N2CC4=CC=CC=C4)C(C)C
25,AZD5438,"InChI=1S/C18H21N5O2S/c1-12(2)23-13(3)20-11-17(23)16-9-10-19-18(22-16)21-14-5-7-15(8-6-14)26(4,24)25/h5-12H,1-4H3,(H,19,21,22)",WJRRGYBTGDJBFX-UHFFFAOYSA-N,CC1=NC=C(N1C(C)C)C2=NC(=NC=C2)NC3=CC=C(C=C3)S(=O)(=O)C
26,AZD5582,"InChI=1S/C58H78N8O8/c1-37(59-3)53(67)61-49(39-21-9-7-10-22-39)57(71)65-31-19-29-45(65)55(69)63-51-43-27-15-13-25-41(43)35-47(51)73-33-17-5-6-18-34-74-48-36-42-26-14-16-28-44(42)52(48)64-56(70)46-30-20-32-66(46)58(72)50(40-23-11-8-12-24-40)62-54(68)38(2)60-4/h13-16,25-28,37-40,45-52,59-60H,7-12,19-24,29-36H2,1-4H3,(H,61,67)(H,62,68)(H,63,69)(H,64,70)/t37-,38-,45-,46-,47+,48+,49-,50-,51-,52-/m0/s1",WLMCRYCCYXHPQF-ZVMUOSSASA-N,CC(C(=O)NC(C1CCCCC1)C(=O)N2CCCC2C(=O)NC3C(CC4=CC=CC=C34)OCC#CC#CCOC5CC6=CC=CC=C6C5NC(=O)C7CCCN7C(=O)C(C8CCCCC8)NC(=O)C(C)NC)NC
27,AZD6094,"InChI=1S/C17H15N9/c1-11(12-3-4-15-18-5-6-25(15)10-12)26-17-16(22-23-26)19-8-14(21-17)13-7-20-24(2)9-13/h3-11H,1-2H3/t11-/m0/s1",XYDNMOZJKOGZLS-NSHDSACASA-N,CC(C1=CN2C=CN=C2C=C1)N3C4=NC(=CN=C4N=N3)C5=CN(N=C5)C
28,AZD6482,"InChI=1S/C22H24N4O4/c1-14-11-17(15(2)23-18-6-4-3-5-16(18)22(28)29)21-24-19(12-20(27)26(21)13-14)25-7-9-30-10-8-25/h3-6,11-13,15,23H,7-10H2,1-2H3,(H,28,29)/t15-/m1/s1",IRTDIKMSKMREGO-OAHLLOKOSA-N,CC1=CN2C(=O)C=C(N=C2C(=C1)C(C)NC3=CC=CC=C3C(=O)O)N4CCOCC4
29,AZD6738,"InChI=1S/C20H24N6O2S/c1-13-12-28-10-9-26(13)17-11-16(20(5-6-20)29(2,21)27)24-19(25-17)15-4-8-23-18-14(15)3-7-22-18/h3-4,7-8,11,13,21H,5-6,9-10,12H2,1-2H3,(H,22,23)/t13-,29-/m1/s1",OHUHVTCQTUDPIJ-JYCIKRDWSA-N,CC1COCCN1C2=NC(=NC(=C2)C3(CC3)S(=N)(=O)C)C4=C5C=CNC5=NC=C4
30,AZD7762,"InChI=1S/C17H19FN4O2S/c18-11-4-1-3-10(7-11)14-8-13(22-17(19)24)15(25-14)16(23)21-12-5-2-6-20-9-12/h1,3-4,7-8,12,20H,2,5-6,9H2,(H,21,23)(H3,19,22,24)/t12-/m0/s1",IAYGCINLNONXHY-LBPRGKRZSA-N,C1CC(CNC1)NC(=O)C2=C(C=C(S2)C3=CC(=CC=C3)F)NC(=O)N
31,AZD7969,,,
32,AZD8055,"InChI=1S/C25H31N5O4/c1-16-14-33-10-8-29(16)24-20-5-6-21(18-4-7-22(32-3)19(12-18)13-31)26-23(20)27-25(28-24)30-9-11-34-15-17(30)2/h4-7,12,16-17,31H,8-11,13-15H2,1-3H3/t16-,17-/m0/s1",KVLFRAWTRWDEDF-IRXDYDNUSA-N,CC1COCCN1C2=NC(=NC3=C2C=CC(=N3)C4=CC(=C(C=C4)OC)CO)N5CCOCC5C
33,AZD8186,"InChI=1S/C24H25F2N3O4/c1-14(27-18-11-16(25)10-17(26)12-18)19-8-15(24(31)28(2)3)9-20-21(30)13-22(33-23(19)20)29-4-6-32-7-5-29/h8-14,27H,4-7H2,1-3H3/t14-/m1/s1",LMJFJIDLEAWOQJ-CQSZACIVSA-N,CC(C1=CC(=CC2=C1OC(=CC2=O)N3CCOCC3)C(=O)N(C)C)NC4=CC(=CC(=C4)F)F
34,AZD8835,"InChI=1S/C22H31N9O3/c1-5-31-19(26-18(29-31)13-6-9-30(10-7-13)15(33)8-11-32)14-12-24-17(23)16(25-14)20-27-28-21(34-20)22(2,3)4/h12-13,32H,5-11H2,1-4H3,(H2,23,24)",ZGRDYKFVDCFJCZ-UHFFFAOYSA-N,CCN1C(=NC(=N1)C2CCN(CC2)C(=O)CCO)C3=CN=C(C(=N3)C4=NN=C(O4)C(C)(C)C)N
35,AZD8931,"InChI=1S/C23H25ClFN5O3/c1-26-21(31)12-30-8-6-14(7-9-30)33-20-10-15-18(11-19(20)32-2)27-13-28-23(15)29-17-5-3-4-16(24)22(17)25/h3-5,10-11,13-14H,6-9,12H2,1-2H3,(H,26,31)(H,27,28,29)",DFJSJLGUIXFDJP-UHFFFAOYSA-N,CNC(=O)CN1CCC(CC1)OC2=C(C=C3C(=C2)C(=NC=N3)NC4=C(C(=CC=C4)Cl)F)OC
36,Afatinib,"InChI=1S/C24H25ClFN5O3/c1-31(2)8-3-4-23(32)30-21-11-17-20(12-22(21)34-16-7-9-33-13-16)27-14-28-24(17)29-15-5-6-19(26)18(25)10-15/h3-6,10-12,14,16H,7-9,13H2,1-2H3,(H,30,32)(H,27,28,29)/b4-3+/t16-/m0/s1",ULXXDDBFHOBEHA-CWDCEQMOSA-N,CN(C)CC=CC(=O)NC1=C(C=C2C(=C1)C(=NC=N2)NC3=CC(=C(C=C3)F)Cl)OC4CCOC4
37,Alectinib,"InChI=1S/C30H34N4O2/c1-4-20-16-23-24(17-26(20)34-9-7-21(8-10-34)33-11-13-36-14-12-33)30(2,3)29-27(28(23)35)22-6-5-19(18-31)15-25(22)32-29/h5-6,15-17,21,32H,4,7-14H2,1-3H3",KDGFLJKFZUIJMX-UHFFFAOYSA-N,CCC1=CC2=C(C=C1N3CCC(CC3)N4CCOCC4)C(C5=C(C2=O)C6=C(N5)C=C(C=C6)C#N)(C)C
38,Alisertib,"InChI=1S/C27H20ClFN4O4/c1-36-21-5-3-4-20(29)23(21)25-19-10-15(28)6-8-17(19)24-14(12-30-25)13-31-27(33-24)32-16-7-9-18(26(34)35)22(11-16)37-2/h3-11,13H,12H2,1-2H3,(H,34,35)(H,31,32,33)",ZLHFILGSQDJULK-UHFFFAOYSA-N,COC1=C(C(=CC=C1)F)C2=NCC3=CN=C(N=C3C4=C2C=C(C=C4)Cl)NC5=CC(=C(C=C5)C(=O)O)OC
39,Amuvatinib,"InChI=1S/C23H21N5O3S/c32-23(24-12-15-5-6-18-19(11-15)30-14-29-18)28-9-7-27(8-10-28)22-21-20(25-13-26-22)16-3-1-2-4-17(16)31-21/h1-6,11,13H,7-10,12,14H2,(H,24,32)",FOFDIMHVKGYHRU-UHFFFAOYSA-N,C1CN(CCN1C2=NC=NC3=C2OC4=CC=CC=C43)C(=S)NCC5=CC6=C(C=C5)OCO6
40,Apitolisib,"InChI=1S/C23H30N8O3S/c1-14-17(13-29-3-5-31(6-4-29)22(33)15(2)32)35-19-18(14)27-20(16-11-25-23(24)26-12-16)28-21(19)30-7-9-34-10-8-30/h11-12,15,32H,3-10,13H2,1-2H3,(H2,24,25,26)/t15-/m0/s1",YOVVNQKCSKSHKT-HNNXBMFYSA-N,CC1=C(SC2=C1N=C(N=C2N3CCOCC3)C4=CN=C(N=C4)N)CN5CCN(CC5)C(=O)C(C)O
41,Ara-G,"InChI=1S/C10H13N5O5/c11-10-13-7-4(8(19)14-10)12-2-15(7)9-6(18)5(17)3(1-16)20-9/h2-3,5-6,9,16-18H,1H2,(H3,11,13,14,19)/t3-,5-,6+,9-/m1/s1",NYHBQMYGNKIUIF-FJFJXFQQSA-N,C1=NC2=C(N1C3C(C(C(O3)CO)O)O)N=C(NC2=O)N
42,Avagacestat,"InChI=1S/C20H17ClF4N4O4S/c21-14-3-5-15(6-4-14)34(31,32)29(17(18(26)30)7-8-20(23,24)25)10-13-2-1-12(9-16(13)22)19-27-11-33-28-19/h1-6,9,11,17H,7-8,10H2,(H2,26,30)/t17-/m1/s1",XEAOPVUAMONVLA-QGZVFWFLSA-N,C1=CC(=CC=C1S(=O)(=O)N(CC2=C(C=C(C=C2)C3=NOC=N3)F)C(CCC(F)(F)F)C(=O)N)Cl
43,Axitinib,"InChI=1S/C22H18N4OS/c1-23-22(27)18-7-2-3-8-21(18)28-16-10-11-17-19(25-26-20(17)14-16)12-9-15-6-4-5-13-24-15/h2-14H,1H3,(H,23,27)(H,25,26)/b12-9+",RITAVMQDGBJQJZ-FMIVXFBMSA-N,CNC(=O)C1=CC=CC=C1SC2=CC3=C(C=C2)C(=NN3)C=CC4=CC=CC=N4
44,BAM7,"InChI=1S/C21H19N5O2S/c1-3-28-18-12-8-7-11-16(18)23-24-19-14(2)25-26(20(19)27)21-22-17(13-29-21)15-9-5-4-6-10-15/h4-13,25H,3H2,1-2H3",WRLVHADVOGFZOZ-UHFFFAOYSA-N,CCOC1=CC=CC=C1N=NC2=C(NN(C2=O)C3=NC(=CS3)C4=CC=CC=C4)C
45,BAY-61-3606,"InChI=1S/C20H18N6O3.2ClH/c1-28-15-6-5-12(10-16(15)29-2)14-11-17-22-8-9-26(17)20(24-14)25-19-13(18(21)27)4-3-7-23-19;;/h3-11H,1-2H3,(H2,21,27)(H,23,24,25);2*1H",SPMFEULFGGPQLN-UHFFFAOYSA-N,COC1=C(C=C(C=C1)C2=CC3=NC=CN3C(=N2)NC4=C(C=CC=N4)C(=O)N)OC.Cl.Cl
46,BI-2536,"InChI=1S/C28H39N7O3/c1-5-22-27(37)34(3)23-17-29-28(32-25(23)35(22)20-8-6-7-9-20)31-21-11-10-18(16-24(21)38-4)26(36)30-19-12-14-33(2)15-13-19/h10-11,16-17,19-20,22H,5-9,12-15H2,1-4H3,(H,30,36)(H,29,31,32)/t22-/m1/s1",XQVVPGYIWAGRNI-JOCHJYFZSA-N,CCC1C(=O)N(C2=CN=C(N=C2N1C3CCCC3)NC4=C(C=C(C=C4)C(=O)NC5CCN(CC5)C)OC)C
47,BIBF-1120,"InChI=1S/C31H33N5O4/c1-34-15-17-36(18-16-34)20-27(37)35(2)24-12-10-23(11-13-24)32-29(21-7-5-4-6-8-21)28-25-14-9-22(31(39)40-3)19-26(25)33-30(28)38/h4-14,19,33,38H,15-18,20H2,1-3H3",CPMDPSXJELVGJG-UHFFFAOYSA-N,CN1CCN(CC1)CC(=O)N(C)C2=CC=C(C=C2)N=C(C3=CC=CC=C3)C4=C(NC5=C4C=CC(=C5)C(=O)OC)O
48,BIX02189,"InChI=1S/C27H28N4O2/c1-30(2)17-18-9-8-12-21(15-18)28-25(19-10-6-5-7-11-19)24-22-14-13-20(27(33)31(3)4)16-23(22)29-26(24)32/h5-16,29,32H,17H2,1-4H3",ZGXOBLVQIVXKEB-UHFFFAOYSA-N,CN(C)CC1=CC(=CC=C1)N=C(C2=CC=CC=C2)C3=C(NC4=C3C=CC(=C4)C(=O)N(C)C)O
49,BMS-345541,"InChI=1S/C14H17N5.ClH/c1-9-3-4-11-12(7-9)19-10(2)8-17-14(19)13(18-11)16-6-5-15;/h3-4,7-8H,5-6,15H2,1-2H3,(H,16,18);1H",MIDKPVLYXNLFGZ-UHFFFAOYSA-N,CC1=CC2=C(C=C1)N=C(C3=NC=C(N23)C)NCCN.Cl
50,BMS-509744,"InChI=1S/C32H41N5O4S2/c1-20-16-26(41-7)25(30(40)37-14-12-36(13-15-37)22(3)38)17-27(20)42-28-19-34-31(43-28)35-29(39)24-10-8-23(9-11-24)18-33-21(2)32(4,5)6/h8-11,16-17,19,21,33H,12-15,18H2,1-7H3,(H,34,35,39)",ZHXNIYGJAOPMSO-UHFFFAOYSA-N,CC1=CC(=C(C=C1SC2=CN=C(S2)NC(=O)C3=CC=C(C=C3)CNC(C)C(C)(C)C)C(=O)N4CCN(CC4)C(=O)C)OC
51,BMS-536924,"InChI=1S/C25H26ClN5O3/c1-15-11-18(31-7-9-34-10-8-31)13-20-23(15)30-24(29-20)22-19(5-6-27-25(22)33)28-14-21(32)16-3-2-4-17(26)12-16/h2-6,11-13,21,32H,7-10,14H2,1H3,(H,29,30)(H2,27,28,33)/t21-/m1/s1",ZWVZORIKUNOTCS-OAQYLSRUSA-N,CC1=CC(=CC2=C1N=C(N2)C3=C(C=CNC3=O)NCC(C4=CC(=CC=C4)Cl)O)N5CCOCC5
52,BMS-754807,"InChI=1S/C23H24FN9O/c1-23(21(34)26-15-7-8-18(24)25-13-15)9-3-10-32(23)22-28-20(17-4-2-11-33(17)31-22)27-19-12-16(29-30-19)14-5-6-14/h2,4,7-8,11-14H,3,5-6,9-10H2,1H3,(H,26,34)(H2,27,28,29,30,31)/t23-/m0/s1",LQVXSNNAFNGRAH-QHCPKHFHSA-N,CC1(CCCN1C2=NN3C=CC=C3C(=N2)NC4=NNC(=C4)C5CC5)C(=O)NC6=CN=C(C=C6)F
53,BPTES,"InChI=1S/C24H24N6O2S3/c31-19(15-17-7-3-1-4-8-17)25-23-29-27-21(34-23)11-13-33-14-12-22-28-30-24(35-22)26-20(32)16-18-9-5-2-6-10-18/h1-10H,11-16H2,(H,25,29,31)(H,26,30,32)",MDJIPXYRSZHCFS-UHFFFAOYSA-N,C1=CC=C(C=C1)CC(=O)NC2=NN=C(S2)CCSCCC3=NN=C(S3)NC(=O)CC4=CC=CC=C4
54,BX-912,"InChI=1S/C20H23BrN8O/c21-17-12-24-19(28-18(17)23-7-6-16-11-22-13-25-16)26-14-4-3-5-15(10-14)27-20(30)29-8-1-2-9-29/h3-5,10-13H,1-2,6-9H2,(H,22,25)(H,27,30)(H2,23,24,26,28)",DMMILYKXNCVKOJ-UHFFFAOYSA-N,C1CCN(C1)C(=O)NC2=CC=CC(=C2)NC3=NC=C(C(=N3)NCCC4=CN=CN4)Br
55,BX795,"InChI=1S/C23H26IN7O2S/c24-18-15-27-22(30-20(18)25-9-5-10-26-21(32)19-8-4-13-34-19)28-16-6-3-7-17(14-16)29-23(33)31-11-1-2-12-31/h3-4,6-8,13-15H,1-2,5,9-12H2,(H,26,32)(H,29,33)(H2,25,27,28,30)",VAVXGGRQQJZYBL-UHFFFAOYSA-N,C1CCN(C1)C(=O)NC2=CC=CC(=C2)NC3=NC=C(C(=N3)NCCCNC(=O)C4=CC=CS4)I
56,Belinostat,"InChI=1S/C15H14N2O4S/c18-15(16-19)10-9-12-5-4-8-14(11-12)22(20,21)17-13-6-2-1-3-7-13/h1-11,17,19H,(H,16,18)/b10-9+",NCNRHFGMJRPRSK-MDZDMXLPSA-N,C1=CC=C(C=C1)NS(=O)(=O)C2=CC=CC(=C2)C=CC(=O)NO
57,Bexarotene,"InChI=1S/C24H28O2/c1-15-13-20-21(24(5,6)12-11-23(20,3)4)14-19(15)16(2)17-7-9-18(10-8-17)22(25)26/h7-10,13-14H,2,11-12H2,1,3-6H3,(H,25,26)",NAVMQTYZDKMPEU-UHFFFAOYSA-N,CC1=CC2=C(C=C1C(=C)C3=CC=C(C=C3)C(=O)O)C(CCC2(C)C)(C)C
58,Bicalutamide,"InChI=1S/C18H14F4N2O4S/c1-17(26,10-29(27,28)14-6-3-12(19)4-7-14)16(25)24-13-5-2-11(9-23)15(8-13)18(20,21)22/h2-8,26H,10H2,1H3,(H,24,25)",LKJPYSCBVHEWIU-UHFFFAOYSA-N,CC(CS(=O)(=O)C1=CC=C(C=C1)F)(C(=O)NC2=CC(=C(C=C2)C#N)C(F)(F)F)O
59,Bleomycin,"InChI=1S/C55H83N17O21S3/c1-20-33(69-46(72-44(20)58)25(12-31(57)76)64-13-24(56)45(59)82)50(86)71-35(41(26-14-61-19-65-26)91-54-43(39(80)37(78)29(15-73)90-54)92-53-40(81)42(93-55(60)88)38(79)30(16-74)89-53)51(87)66-22(3)36(77)21(2)47(83)70-34(23(4)75)49(85)63-10-8-32-67-28(18-94-32)52-68-27(17-95-52)48(84)62-9-7-11-96(5)6/h14,17-19,21-25,29-30,34-43,53-54,64,73-75,77-81H,7-13,15-16,56H2,1-6H3,(H13-,57,58,59,60,61,62,63,65,66,69,70,71,72,76,82,83,84,85,86,87,88)/p+1/t21-,22+,23+,24-,25-,29?,30?,34-,35-,36-,37?,38?,39?,40?,41-,42?,43?,53?,54?/m0/s1",OYVAGSVQBOHSSS-WXFSZRTFSA-O,CC1=C(N=C(N=C1N)C(CC(=O)N)NCC(C(=O)N)N)C(=O)NC(C(C2=CN=CN2)OC3C(C(C(C(O3)CO)O)O)OC4C(C(C(C(O4)CO)O)OC(=O)N)O)C(=O)NC(C)C(C(C)C(=O)NC(C(C)O)C(=O)NCCC5=NC(=CS5)C6=NC(=CS6)C(=O)NCCC[S+](C)C)O
60,Bleomycin (10 uM),,,
61,Bleomycin (50 uM),,,
62,Bortezomib,"InChI=1S/C19H25BN4O4/c1-13(2)10-17(20(27)28)24-18(25)15(11-14-6-4-3-5-7-14)23-19(26)16-12-21-8-9-22-16/h3-9,12-13,15,17,27-28H,10-11H2,1-2H3,(H,23,26)(H,24,25)/t15-,17-/m0/s1",GXJABQQUPOEUTA-RDJZCZTQSA-N,B(C(CC(C)C)NC(=O)C(CC1=CC=CC=C1)NC(=O)C2=NC=CN=C2)(O)O
63,Bosutinib,"InChI=1S/C26H29Cl2N5O3/c1-32-6-8-33(9-7-32)5-4-10-36-25-13-21-18(11-24(25)35-3)26(17(15-29)16-30-21)31-22-14-23(34-2)20(28)12-19(22)27/h11-14,16H,4-10H2,1-3H3,(H,30,31)",UBPYILGKFZZVDX-UHFFFAOYSA-N,CN1CCN(CC1)CCCOC2=C(C=C3C(=C2)N=CC(=C3NC4=CC(=C(C=C4Cl)Cl)OC)C#N)OC
64,"Brivanib, BMS-540215",,,
65,Bryostatin 1,"InChI=1S/C47H68O17/c1-10-11-12-13-14-15-39(51)62-43-31(22-41(53)58-9)21-34-25-37(28(2)48)61-42(54)24-32(50)23-35-26-38(59-29(3)49)45(6,7)46(55,63-35)27-36-19-30(20-40(52)57-8)18-33(60-36)16-17-44(4,5)47(43,56)64-34/h12-17,20,22,28,32-38,43,48,50,55-56H,10-11,18-19,21,23-27H2,1-9H3/b13-12+,15-14+,17-16+,30-20+,31-22+/t28-,32-,33+,34+,35-,36+,37-,38+,43+,46+,47-/m1/s1",MJQUEDHRCUIRLF-TVIXENOKSA-N,CCCC=CC=CC(=O)OC1C(=CC(=O)OC)CC2CC(OC(=O)CC(CC3CC(C(C(O3)(CC4CC(=CC(=O)OC)CC(O4)C=CC(C1(O2)O)(C)C)O)(C)C)OC(=O)C)O)C(C)O
66,C-75,"InChI=1S/C14H22O4/c1-3-4-5-6-7-8-9-11-12(13(15)16)10(2)14(17)18-11/h11-12H,2-9H2,1H3,(H,15,16)",VCWLZDVWHQVAJU-UHFFFAOYSA-N,CCCCCCCCC1C(C(=C)C(=O)O1)C(=O)O
67,"CAP-232, TT-232, TLN-232",,,
68,CAY10566,"InChI=1S/C18H17ClFN5O2/c1-11-21-24-18(26-11)15-4-5-17(23-22-15)25-8-6-13(7-9-25)27-16-10-12(20)2-3-14(16)19/h2-5,10,13H,6-9H2,1H3",WFOFPVXMPTVOTJ-UHFFFAOYSA-N,CC1=NN=C(O1)C2=NN=C(C=C2)N3CCC(CC3)OC4=C(C=CC(=C4)F)Cl
69,CAY10603,"InChI=1S/C22H30N4O6/c1-22(2,3)31-21(29)24-16-11-9-15(10-12-16)18-14-17(26-32-18)20(28)23-13-7-5-4-6-8-19(27)25-30/h9-12,14,30H,4-8,13H2,1-3H3,(H,23,28)(H,24,29)(H,25,27)",WWGBHDIHIVGYLZ-UHFFFAOYSA-N,CC(C)(C)OC(=O)NC1=CC=C(C=C1)C2=CC(=NO2)C(=O)NCCCCCCC(=O)NO
70,CCT-018159,"InChI=1S/C20H20N2O4/c1-3-12-8-14(16(24)10-15(12)23)20-19(11(2)21-22-20)13-4-5-17-18(9-13)26-7-6-25-17/h4-5,8-10,23-24H,3,6-7H2,1-2H3,(H,21,22)",OWPMENVYXDJDOW-UHFFFAOYSA-N,CCC1=CC(=C(C=C1O)O)C2=NNC(=C2C3=CC4=C(C=C3)OCCO4)C
71,CCT007093,"InChI=1S/C15H12OS2/c16-15-11(9-13-3-1-7-17-13)5-6-12(15)10-14-4-2-8-18-14/h1-4,7-10H,5-6H2/b11-9+,12-10+",KPFZCKDPBMGECB-WGDLNXRISA-N,C1CC(=CC2=CC=CS2)C(=O)C1=CC3=CC=CS3
72,CD532,"InChI=1S/C26H25F3N8O/c27-26(28,29)17-6-3-7-20(14-17)33-25(38)32-19-10-8-18(9-11-19)31-24-30-13-12-22(35-24)34-23-15-21(36-37-23)16-4-1-2-5-16/h3,6-16H,1-2,4-5H2,(H2,32,33,38)(H3,30,31,34,35,36,37)",GBMIFBVLJSCVJT-UHFFFAOYSA-N,C1CCC(C1)C2=CC(=NN2)NC3=NC(=NC=C3)NC4=CC=C(C=C4)NC(=O)NC5=CC=CC(=C5)C(F)(F)F
73,CGP-082996,"InChI=1S/C27H32N6O/c1-2-28-25-17-26(29-21-8-11-23(34)12-9-21)32-27(31-25)30-22-10-13-24-20(16-22)14-15-33(24)18-19-6-4-3-5-7-19/h3-7,10,13-17,21,23,34H,2,8-9,11-12,18H2,1H3,(H3,28,29,30,31,32)",YVXCDLCJCIDFHE-UHFFFAOYSA-N,CCNC1=CC(=NC(=N1)NC2=CC3=C(C=C2)N(C=C3)CC4=CC=CC=C4)NC5CCC(CC5)O
74,CGP-60474,"InChI=1S/C18H18ClN5O/c19-14-3-1-4-15(12-14)23-18-22-9-6-16(24-18)13-5-8-21-17(11-13)20-7-2-10-25/h1,3-6,8-9,11-12,25H,2,7,10H2,(H,20,21)(H,22,23,24)",IYNDTACKOAXKBJ-UHFFFAOYSA-N,C1=CC(=CC(=C1)Cl)NC2=NC=CC(=N2)C3=CC(=NC=C3)NCCCO
75,CHIR-99021,"InChI=1S/C22H18Cl2N8/c1-13-10-29-21(31-13)17-12-30-22(32-20(17)16-4-3-15(23)8-18(16)24)27-7-6-26-19-5-2-14(9-25)11-28-19/h2-5,8,10-12H,6-7H2,1H3,(H,26,28)(H,29,31)(H,27,30,32)",AQGNHMOJWBZFQQ-UHFFFAOYSA-N,CC1=CN=C(N1)C2=CN=C(N=C2C3=C(C=C(C=C3)Cl)Cl)NCCNC4=NC=C(C=C4)C#N
76,CI-1033,"InChI=1S/C24H25ClFN5O3/c1-2-23(32)30-21-13-17-20(14-22(21)34-9-3-6-31-7-10-33-11-8-31)27-15-28-24(17)29-16-4-5-19(26)18(25)12-16/h2,4-5,12-15H,1,3,6-11H2,(H,30,32)(H,27,28,29)",OMZCMEYTWSXEPZ-UHFFFAOYSA-N,C=CC(=O)NC1=C(C=C2C(=C1)C(=NC=N2)NC3=CC(=C(C=C3)F)Cl)OCCCN4CCOCC4
77,CI-1040,"InChI=1S/C17H14ClF2IN2O2/c18-12-7-10(21)3-6-14(12)22-16-11(4-5-13(19)15(16)20)17(24)23-25-8-9-1-2-9/h3-7,9,22H,1-2,8H2,(H,23,24)",GFMMXOIFOQCCGU-UHFFFAOYSA-N,C1CC1CONC(=O)C2=C(C(=C(C=C2)F)F)NC3=C(C=C(C=C3)I)Cl
78,CMK,"InChI=1S/C18H19ClN4O2/c1-11-3-5-12(6-4-11)14-15-17(20)21-10-22-18(15)23(7-2-8-24)16(14)13(25)9-19/h3-6,10,24H,2,7-9H2,1H3,(H2,20,21,22)",PELFTNQHGSITLB-UHFFFAOYSA-N,CC1=CC=C(C=C1)C2=C(N(C3=NC=NC(=C23)N)CCCO)C(=O)CCl
79,CP466722,"InChI=1S/C17H15N7O2/c1-25-13-7-10-12(8-14(13)26-2)20-9-21-16(10)24-17(18)22-15(23-24)11-5-3-4-6-19-11/h3-9H,1-2H3,(H2,18,22,23)",ILBRKJBKDGCSCB-UHFFFAOYSA-N,COC1=C(C=C2C(=C1)C(=NC=N2)N3C(=NC(=N3)C4=CC=CC=N4)N)OC
80,CP724714,"InChI=1S/C27H27N5O3/c1-18-13-21(8-11-25(18)35-22-9-6-19(2)29-15-22)32-27-23-14-20(7-10-24(23)30-17-31-27)5-4-12-28-26(33)16-34-3/h4-11,13-15,17H,12,16H2,1-3H3,(H,28,33)(H,30,31,32)/b5-4+",LLVZBTWPGQVVLW-SNAWJCMRSA-N,CC1=NC=C(C=C1)OC2=C(C=C(C=C2)NC3=NC=NC4=C3C=C(C=C4)C=CCNC(=O)COC)C
81,CPI-613,"InChI=1S/C22H28O2S2/c23-22(24)14-8-7-13-21(26-18-20-11-5-2-6-12-20)15-16-25-17-19-9-3-1-4-10-19/h1-6,9-12,21H,7-8,13-18H2,(H,23,24)",ZYRLHJIMTROTBO-UHFFFAOYSA-N,C1=CC=C(C=C1)CSCCC(CCCCC(=O)O)SCC2=CC=CC=C2
82,CUDC-101,"InChI=1S/C24H26N4O4/c1-3-17-9-8-10-18(13-17)27-24-19-14-22(21(31-2)15-20(19)25-16-26-24)32-12-7-5-4-6-11-23(29)28-30/h1,8-10,13-16,30H,4-7,11-12H2,2H3,(H,28,29)(H,25,26,27)",PLIVFNIUGLLCEK-UHFFFAOYSA-N,COC1=C(C=C2C(=C1)N=CN=C2NC3=CC=CC(=C3)C#C)OCCCCCCC(=O)NO
83,CX-5461,"InChI=1S/C27H27N7O2S/c1-17-14-29-18(15-28-17)16-30-26(36)23-24(35)19-8-9-22(33-11-5-10-32(2)12-13-33)31-25(19)34-20-6-3-4-7-21(20)37-27(23)34/h3-4,6-9,14-15H,5,10-13,16H2,1-2H3,(H,30,36)",XGPBJCHFROADCK-UHFFFAOYSA-N,CC1=CN=C(C=N1)CNC(=O)C2=C3N(C4=CC=CC=C4S3)C5=C(C2=O)C=CC(=N5)N6CCCN(CC6)C
84,Cabozantinib,"InChI=1S/C28H24FN3O5/c1-35-24-15-21-22(16-25(24)36-2)30-14-11-23(21)37-20-9-7-19(8-10-20)32-27(34)28(12-13-28)26(33)31-18-5-3-17(29)4-6-18/h3-11,14-16H,12-13H2,1-2H3,(H,31,33)(H,32,34)",ONIQOQHATWINJY-UHFFFAOYSA-N,COC1=CC2=C(C=CN=C2C=C1OC)OC3=CC=C(C=C3)NC(=O)C4(CC4)C(=O)NC5=CC=C(C=C5)F
85,Capivasertib,"InChI=1S/C21H25ClN6O2/c22-15-3-1-14(2-4-15)17(6-12-29)27-20(30)21(23)7-10-28(11-8-21)19-16-5-9-24-18(16)25-13-26-19/h1-5,9,13,17,29H,6-8,10-12,23H2,(H,27,30)(H,24,25,26)/t17-/m0/s1",JDUBGYFRJFOXQC-KRWDZBQOSA-N,C1CN(CCC1(C(=O)NC(CCO)C2=CC=C(C=C2)Cl)N)C3=NC=NC4=C3C=CN4
86,Cetuximab,,,
87,Cisplatin,InChI=1S/2ClH.2H3N.Pt/h2*1H;2*1H3;/q;;;;+2/p-2,LXZZYRPGZAFOLE-UHFFFAOYSA-L,N.N.Cl[Pt]Cl
88,Crizotinib,"InChI=1S/C21H22Cl2FN5O/c1-12(19-16(22)2-3-17(24)20(19)23)30-18-8-13(9-27-21(18)25)14-10-28-29(11-14)15-4-6-26-7-5-15/h2-3,8-12,15,26H,4-7H2,1H3,(H2,25,27)/t12-/m1/s1",KTEIFNKAUNYNJU-GFCCVEGCSA-N,CC(C1=C(C=CC(=C1Cl)F)Cl)OC2=C(N=CC(=C2)C3=CN(N=C3)C4CCNCC4)N
89,Cyclopamine,"InChI=1S/C27H41NO2/c1-15-11-24-25(28-14-15)17(3)27(30-24)10-8-20-21-6-5-18-12-19(29)7-9-26(18,4)23(21)13-22(20)16(27)2/h5,15,17,19-21,23-25,28-29H,6-14H2,1-4H3/t15-,17+,19-,20-,21-,23-,24+,25-,26-,27-/m0/s1",QASFUMOKHFSJGL-LAFRSMQTSA-N,CC1CC2C(C(C3(O2)CCC4C5CC=C6CC(CCC6(C5CC4=C3C)C)O)C)NC1
90,Cytarabine,"InChI=1S/C9H13N3O5/c10-5-1-2-12(9(16)11-5)8-7(15)6(14)4(3-13)17-8/h1-2,4,6-8,13-15H,3H2,(H2,10,11,16)/t4-,6-,7+,8-/m1/s1",UHDGCWIWMRVCDJ-CCXZUQQUSA-N,C1=CN(C(=O)N=C1N)C2C(C(C(O2)CO)O)O
91,DMOG,"InChI=1S/C6H9NO5/c1-11-4(8)3-7-5(9)6(10)12-2/h3H2,1-2H3,(H,7,9)",BNJOZDZCRHCODO-UHFFFAOYSA-N,COC(=O)CNC(=O)C(=O)OC
92,Dabrafenib,"InChI=1S/C23H20F3N5O2S2/c1-23(2,3)21-30-18(19(34-21)16-10-11-28-22(27)29-16)12-6-4-9-15(17(12)26)31-35(32,33)20-13(24)7-5-8-14(20)25/h4-11,31H,1-3H3,(H2,27,28,29)",BFSMGDJOXZAERB-UHFFFAOYSA-N,CC(C)(C)C1=NC(=C(S1)C2=NC(=NC=C2)N)C3=C(C(=CC=C3)NS(=O)(=O)C4=C(C=CC=C4F)F)F
93,Dacinostat,"InChI=1S/C22H25N3O3/c26-14-13-25(12-11-19-15-23-21-4-2-1-3-20(19)21)16-18-7-5-17(6-8-18)9-10-22(27)24-28/h1-10,15,23,26,28H,11-14,16H2,(H,24,27)/b10-9+",BWDQBBCUWLSASG-MDZDMXLPSA-N,C1=CC=C2C(=C1)C(=CN2)CCN(CCO)CC3=CC=C(C=C3)C=CC(=O)NO
94,Dactolisib,"InChI=1S/C30H23N5O/c1-30(2,18-31)22-9-11-23(12-10-22)35-28-24-15-19(21-14-20-6-4-5-7-25(20)32-16-21)8-13-26(24)33-17-27(28)34(3)29(35)36/h4-17H,1-3H3",JOGKUKXHTYWRGZ-UHFFFAOYSA-N,CC(C)(C#N)C1=CC=C(C=C1)N2C3=C4C=C(C=CC4=NC=C3N(C2=O)C)C5=CC6=CC=CC=C6N=C5
95,Daporinad,"InChI=1S/C24H29N3O2/c28-23(12-11-21-8-6-15-25-19-21)26-16-5-4-7-20-13-17-27(18-14-20)24(29)22-9-2-1-3-10-22/h1-3,6,8-12,15,19-20H,4-5,7,13-14,16-18H2,(H,26,28)/b12-11+",KPBNHDGDUADAGP-VAWYXSNFSA-N,C1CN(CCC1CCCCNC(=O)C=CC2=CN=CC=C2)C(=O)C3=CC=CC=C3
96,Dasatinib,"InChI=1S/C22H26ClN7O2S/c1-14-4-3-5-16(23)20(14)28-21(32)17-13-24-22(33-17)27-18-12-19(26-15(2)25-18)30-8-6-29(7-9-30)10-11-31/h3-5,12-13,31H,6-11H2,1-2H3,(H,28,32)(H,24,25,26,27)",ZBNZXTGUTAYRHI-UHFFFAOYSA-N,CC1=C(C(=CC=C1)Cl)NC(=O)C2=CN=C(S2)NC3=CC(=NC(=N3)C)N4CCN(CC4)CCO
97,Docetaxel,"InChI=1S/C43H53NO14/c1-22-26(55-37(51)32(48)30(24-15-11-9-12-16-24)44-38(52)58-39(3,4)5)20-43(53)35(56-36(50)25-17-13-10-14-18-25)33-41(8,34(49)31(47)29(22)40(43,6)7)27(46)19-28-42(33,21-54-28)57-23(2)45/h9-18,26-28,30-33,35,46-48,53H,19-21H2,1-8H3,(H,44,52)/t26-,27-,28+,30-,31+,32+,33-,35-,41+,42-,43+/m0/s1",ZDZOTLJHXYCWBA-VCVYQWHSSA-N,CC1=C2C(C(=O)C3(C(CC4C(C3C(C(C2(C)C)(CC1OC(=O)C(C(C5=CC=CC=C5)NC(=O)OC(C)(C)C)O)O)OC(=O)C6=CC=CC=C6)(CO4)OC(=O)C)O)C)O
98,Doramapimod,"InChI=1S/C31H37N5O3/c1-22-9-11-23(12-10-22)36-29(21-28(34-36)31(2,3)4)33-30(37)32-26-13-14-27(25-8-6-5-7-24(25)26)39-20-17-35-15-18-38-19-16-35/h5-14,21H,15-20H2,1-4H3,(H2,32,33,37)",MVCOAUNKQVWQHZ-UHFFFAOYSA-N,CC1=CC=C(C=C1)N2C(=CC(=N2)C(C)(C)C)NC(=O)NC3=CC=C(C4=CC=CC=C43)OCCN5CCOCC5
99,Doxorubicin,"InChI=1S/C27H29NO11/c1-10-22(31)13(28)6-17(38-10)39-15-8-27(36,16(30)9-29)7-12-19(15)26(35)21-20(24(12)33)23(32)11-4-3-5-14(37-2)18(11)25(21)34/h3-5,10,13,15,17,22,29,31,33,35-36H,6-9,28H2,1-2H3/t10-,13-,15-,17-,22+,27-/m0/s1",AOJJSUZBOXZQNB-TZSSRYMLSA-N,CC1C(C(CC(O1)OC2CC(CC3=C2C(=C4C(=C3O)C(=O)C5=C(C4=O)C(=CC=C5)OC)O)(C(=O)CO)O)N)O
100,Dyrk1b_0191,,,
101,EHT-1864,"InChI=1S/C25H27F3N2O4S.2ClH/c26-25(27,28)18-4-5-20-21(14-18)29-7-6-24(20)35-13-3-1-2-10-33-23-17-34-19(15-22(23)31)16-30-8-11-32-12-9-30;;/h4-7,14-15,17H,1-3,8-13,16H2;2*1H",LSECOAJFCKFQJG-UHFFFAOYSA-N,C1COCCN1CC2=CC(=O)C(=CO2)OCCCCCSC3=C4C=CC(=CC4=NC=C3)C(F)(F)F.Cl.Cl
102,ETP-45835,"InChI=1S/C13H16N4.2ClH/c1-5-14-6-2-10(1)12-9-13(17-16-12)11-3-7-15-8-4-11;;/h1-2,5-6,9,11,15H,3-4,7-8H2,(H,16,17);2*1H",ASYCTHXAPLLLSZ-UHFFFAOYSA-N,C1CNCCC1C2=CC(=NN2)C3=CC=NC=C3.Cl.Cl
103,Elesclomol,"InChI=1S/C19H20N4O2S2/c1-22(18(26)14-9-5-3-6-10-14)20-16(24)13-17(25)21-23(2)19(27)15-11-7-4-8-12-15/h3-12H,13H2,1-2H3,(H,20,24)(H,21,25)",BKJIXTWSNXCKJH-UHFFFAOYSA-N,CN(C(=S)C1=CC=CC=C1)NC(=O)CC(=O)NN(C)C(=S)C2=CC=CC=C2
104,Embelin,"InChI=1S/C17H26O4/c1-2-3-4-5-6-7-8-9-10-11-13-16(20)14(18)12-15(19)17(13)21/h12,18,21H,2-11H2,1H3",IRSFLDGTOHBADP-UHFFFAOYSA-N,CCCCCCCCCCCC1=C(C(=O)C=C(C1=O)O)O
105,Entinostat,"InChI=1S/C21H20N4O3/c22-18-5-1-2-6-19(18)25-20(26)17-9-7-15(8-10-17)13-24-21(27)28-14-16-4-3-11-23-12-16/h1-12H,13-14,22H2,(H,24,27)(H,25,26)",INVTYAOGFAGBOE-UHFFFAOYSA-N,C1=CC=C(C(=C1)N)NC(=O)C2=CC=C(C=C2)CNC(=O)OCC3=CN=CC=C3
106,Enzastaurin,"InChI=1S/C32H29N5O2/c1-35-19-25(23-9-2-4-11-27(23)35)29-30(32(39)34-31(29)38)26-20-37(28-12-5-3-10-24(26)28)22-13-16-36(17-14-22)18-21-8-6-7-15-33-21/h2-12,15,19-20,22H,13-14,16-18H2,1H3,(H,34,38,39)",AXRCEOKUDYDWLF-UHFFFAOYSA-N,CN1C=C(C2=CC=CC=C21)C3=C(C(=O)NC3=O)C4=CN(C5=CC=CC=C54)C6CCN(CC6)CC7=CC=CC=N7
107,EphB4_9721,,,
108,Epothilone B,"InChI=1S/C27H41NO6S/c1-15-9-8-10-27(7)22(34-27)12-20(16(2)11-19-14-35-18(4)28-19)33-23(30)13-21(29)26(5,6)25(32)17(3)24(15)31/h11,14-15,17,20-22,24,29,31H,8-10,12-13H2,1-7H3/b16-11+/t15-,17+,20-,21-,22-,24-,27+/m0/s1",QXRSDHAAWVKZLJ-PVYNADRNSA-N,CC1CCCC2(C(O2)CC(OC(=O)CC(C(C(=O)C(C1O)C)(C)C)O)C(=CC3=CSC(=N3)C)C)C
109,Erlotinib,"InChI=1S/C22H23N3O4/c1-4-16-6-5-7-17(12-16)25-22-18-13-20(28-10-8-26-2)21(29-11-9-27-3)14-19(18)23-15-24-22/h1,5-7,12-15H,8-11H2,2-3H3,(H,23,24,25)",AAKJLRGGTJKAMG-UHFFFAOYSA-N,COCCOC1=C(C=C2C(=C1)C(=NC=N2)NC3=CC=CC(=C3)C#C)OCCOC
110,Etoposide,"InChI=1S/C29H32O13/c1-11-36-9-20-27(40-11)24(31)25(32)29(41-20)42-26-14-7-17-16(38-10-39-17)6-13(14)21(22-15(26)8-37-28(22)33)12-4-18(34-2)23(30)19(5-12)35-3/h4-7,11,15,20-22,24-27,29-32H,8-10H2,1-3H3/t11-,15+,20-,21-,22+,24-,25-,26-,27-,29+/m1/s1",VJJPUSNTGOMMGY-MRVIYFEKSA-N,CC1OCC2C(O1)C(C(C(O2)OC3C4COC(=O)C4C(C5=CC6=C(C=C35)OCO6)C7=CC(=C(C(=C7)OC)O)OC)O)O
111,FEN1_3940,,,
112,FGFR_0939,,,
113,FGFR_3831,,,
114,FH535,"InChI=1S/C13H10Cl2N2O4S/c1-8-6-10(17(18)19)3-5-12(8)16-22(20,21)13-7-9(14)2-4-11(13)15/h2-7,16H,1H3",AXNUEXXEQGQWPA-UHFFFAOYSA-N,CC1=C(C=CC(=C1)[N+](=O)[O-])NS(=O)(=O)C2=C(C=CC(=C2)Cl)Cl
115,FMK,"InChI=1S/C18H19FN4O2/c1-11-3-5-12(6-4-11)14-15-17(20)21-10-22-18(15)23(7-2-8-24)16(14)13(25)9-19/h3-6,10,24H,2,7-9H2,1H3,(H2,20,21,22)",IKLGYJACVCXYIL-UHFFFAOYSA-N,CC1=CC=C(C=C1)C2=C(N(C3=NC=NC(=C23)N)CCCO)C(=O)CF
116,FR-180204,"InChI=1S/C18H13N7/c19-17-12-10-13(20-22-18(12)23-21-17)15-14-8-4-5-9-25(14)24-16(15)11-6-2-1-3-7-11/h1-10H,(H3,19,21,22,23)",XVECMUKVOMUNLE-UHFFFAOYSA-N,C1=CC=C(C=C1)C2=NN3C=CC=CC3=C2C4=CC5=C(NN=C5N=N4)N
117,FTI-277,"InChI=1S/C22H29N3O3S2/c1-28-22(27)20(10-11-30-2)25-21(26)18-9-8-17(24-13-16(23)14-29)12-19(18)15-6-4-3-5-7-15/h3-9,12,16,20,24,29H,10-11,13-14,23H2,1-2H3,(H,25,26)/t16-,20+/m1/s1",GKFPROVOIQKYTO-UZLBHIALSA-N,COC(=O)C(CCSC)NC(=O)C1=C(C=C(C=C1)NCC(CS)N)C2=CC=CC=C2
118,FTY-720,"InChI=1S/C19H33NO2.ClH/c1-2-3-4-5-6-7-8-17-9-11-18(12-10-17)13-14-19(20,15-21)16-22;/h9-12,21-22H,2-8,13-16,20H2,1H3;1H",SWZTYAVBMYWFGS-UHFFFAOYSA-N,CCCCCCCCC1=CC=C(C=C1)CCC(CO)(CO)N.Cl
119,Fedratinib,"InChI=1S/C27H36N6O3S/c1-20-19-28-26(30-21-10-12-23(13-11-21)36-17-16-33-14-5-6-15-33)31-25(20)29-22-8-7-9-24(18-22)37(34,35)32-27(2,3)4/h7-13,18-19,32H,5-6,14-17H2,1-4H3,(H2,28,29,30,31)",JOOXLOJCABQBSG-UHFFFAOYSA-N,CC1=CN=C(N=C1NC2=CC(=CC=C2)S(=O)(=O)NC(C)(C)C)NC3=CC=C(C=C3)OCCN4CCCC4
120,Flavopiridol,"InChI=1S/C21H20ClNO5/c1-23-7-6-12(17(27)10-23)19-14(24)8-15(25)20-16(26)9-18(28-21(19)20)11-4-2-3-5-13(11)22/h2-5,8-9,12,17,24-25,27H,6-7,10H2,1H3/t12-,17+/m0/s1",BIIVYFLTOXDAOV-YVEFUNNKSA-N,CN1CCC(C(C1)O)C2=C(C=C(C3=C2OC(=CC3=O)C4=CC=CC=C4Cl)O)O
121,Foretinib,"InChI=1S/C34H34F2N4O6/c1-43-30-20-25-27(21-31(30)45-16-2-13-40-14-17-44-18-15-40)37-12-9-28(25)46-29-8-7-24(19-26(29)36)39-33(42)34(10-11-34)32(41)38-23-5-3-22(35)4-6-23/h3-9,12,19-21H,2,10-11,13-18H2,1H3,(H,38,41)(H,39,42)",CXQHYVUVSFXTMY-UHFFFAOYSA-N,COC1=CC2=C(C=CN=C2C=C1OCCCN3CCOCC3)OC4=C(C=C(C=C4)NC(=O)C5(CC5)C(=O)NC6=CC=C(C=C6)F)F
122,Fulvestrant,"InChI=1S/C32H47F5O3S/c1-30-17-15-26-25-12-11-24(38)21-23(25)20-22(29(26)27(30)13-14-28(30)39)10-7-5-3-2-4-6-8-18-41(40)19-9-16-31(33,34)32(35,36)37/h11-12,21-22,26-29,38-39H,2-10,13-20H2,1H3/t22-,26-,27+,28+,29-,30+,41?/m1/s1",VWUXBMIQPBEWFH-WCCTWKNTSA-N,CC12CCC3C(C1CCC2O)C(CC4=C3C=CC(=C4)O)CCCCCCCCCS(=O)CCCC(C(F)(F)F)(F)F
123,GNF-2,"InChI=1S/C18H13F3N4O2/c19-18(20,21)27-14-6-4-13(5-7-14)25-16-9-15(23-10-24-16)11-2-1-3-12(8-11)17(22)26/h1-10H,(H2,22,26)(H,23,24,25)",WEVYNIUIFUYDGI-UHFFFAOYSA-N,C1=CC(=CC(=C1)C(=O)N)C2=CC(=NC=N2)NC3=CC=C(C=C3)OC(F)(F)F
124,GSK1059615,"InChI=1S/C18H11N3O2S/c22-17-16(24-18(23)21-17)10-11-1-2-15-14(9-11)13(5-8-20-15)12-3-6-19-7-4-12/h1-10H,(H,21,22,23)/b16-10-",QDITZBLZQQZVEE-YBEGLDIGSA-N,C1=CC2=NC=CC(=C2C=C1C=C3C(=O)NC(=O)S3)C4=CC=NC=C4
125,GSK1070916,"InChI=1S/C30H33N7O/c1-6-37-19-26(28(34-37)21-10-12-23(13-11-21)32-30(38)36(4)5)24-14-15-31-29-25(24)17-27(33-29)22-9-7-8-20(16-22)18-35(2)3/h7-17,19H,6,18H2,1-5H3,(H,31,33)(H,32,38)",QTBWCSQGBMPECM-UHFFFAOYSA-N,CCN1C=C(C(=N1)C2=CC=C(C=C2)NC(=O)N(C)C)C3=C4C=C(NC4=NC=C3)C5=CC=CC(=C5)CN(C)C
126,GSK1904529A,"InChI=1S/C44H47F2N9O5S/c1-5-28-26-35(38(60-3)27-36(28)53-19-15-30(16-20-53)52-21-23-54(24-22-52)61(4,57)58)49-44-47-17-14-34(48-44)42-40(50-39-11-6-7-18-55(39)42)29-12-13-37(59-2)31(25-29)43(56)51-41-32(45)9-8-10-33(41)46/h6-14,17-18,25-27,30H,5,15-16,19-24H2,1-4H3,(H,51,56)(H,47,48,49)",MOSKATHMXWSZTQ-UHFFFAOYSA-N,CCC1=CC(=C(C=C1N2CCC(CC2)N3CCN(CC3)S(=O)(=O)C)OC)NC4=NC=CC(=N4)C5=C(N=C6N5C=CC=C6)C7=CC(=C(C=C7)OC)C(=O)NC8=C(C=CC=C8F)F
127,GSK269962A,"InChI=1S/C29H30N8O5/c1-2-37-24-17-25(31-18-23(24)33-28(37)26-27(30)35-42-34-26)41-22-5-3-4-20(16-22)32-29(38)19-6-8-21(9-7-19)40-15-12-36-10-13-39-14-11-36/h3-9,16-18H,2,10-15H2,1H3,(H2,30,35)(H,32,38)",YOVNFNXUCOWYSG-UHFFFAOYSA-N,CCN1C2=CC(=NC=C2N=C1C3=NON=C3N)OC4=CC=CC(=C4)NC(=O)C5=CC=C(C=C5)OCCN6CCOCC6
128,GSK319347A,"InChI=1S/C22H19N3O5S2/c1-28-17-8-15-16(9-18(17)29-2)25(13-24-15)22-10-19(20(11-23)31-22)30-12-14-6-4-5-7-21(14)32(3,26)27/h4-10,13H,12H2,1-3H3",LDTAHRLHGHFHKP-UHFFFAOYSA-N,COC1=C(C=C2C(=C1)N=CN2C3=CC(=C(S3)C#N)OCC4=CC=CC=C4S(=O)(=O)C)OC
129,GSK429286A,"InChI=1S/C21H16F4N4O2/c1-10-19(20(31)28-17-6-12-9-26-29-16(12)8-15(17)22)14(7-18(30)27-10)11-2-4-13(5-3-11)21(23,24)25/h2-6,8-9,14H,7H2,1H3,(H,26,29)(H,27,30)(H,28,31)",OLIIUAHHAZEXEX-UHFFFAOYSA-N,CC1=C(C(CC(=O)N1)C2=CC=C(C=C2)C(F)(F)F)C(=O)NC3=C(C=C4C(=C3)C=NN4)F
130,GSK650394,"InChI=1S/C25H22N2O2/c28-25(29)20-11-10-18(12-21(20)17-8-4-5-9-17)23-15-27-24-22(23)13-19(14-26-24)16-6-2-1-3-7-16/h1-3,6-7,10-15,17H,4-5,8-9H2,(H,26,27)(H,28,29)",WVSBGSNVCDAMCF-UHFFFAOYSA-N,C1CCC(C1)C2=C(C=CC(=C2)C3=CNC4=C3C=C(C=N4)C5=CC=CC=C5)C(=O)O
131,GSK690693,"InChI=1S/C21H27N7O3/c1-4-28-18-15(30-12-13-6-5-9-23-10-13)11-24-14(7-8-21(2,3)29)16(18)25-20(28)17-19(22)27-31-26-17/h11,13,23,29H,4-6,9-10,12H2,1-3H3,(H2,22,27)/t13-/m0/s1",KGPGFQWBCSZGEL-ZDUSSCGKSA-N,CCN1C2=C(C(=NC=C2OCC3CCCNC3)C#CC(C)(C)O)N=C1C4=NON=C4N
132,GW-2580,"InChI=1S/C20H22N4O3/c1-25-16-6-3-13(4-7-16)12-27-17-8-5-14(10-18(17)26-2)9-15-11-23-20(22)24-19(15)21/h3-8,10-11H,9,12H2,1-2H3,(H4,21,22,23,24)",MYQAUKPBNJWPIE-UHFFFAOYSA-N,COC1=CC=C(C=C1)COC2=C(C=C(C=C2)CC3=CN=C(N=C3N)N)OC
133,GW441756,"InChI=1S/C17H13N3O/c1-20-10-11(12-5-2-3-7-15(12)20)9-13-16-14(19-17(13)21)6-4-8-18-16/h2-10H,1H3,(H,19,21)/b13-9-",NXNQLECPAXXYTR-LCYFTJDESA-N,CN1C=C(C2=CC=CC=C21)C=C3C4=C(C=CC=N4)NC3=O
134,GW843682X,"InChI=1S/C22H18F3N3O4S/c1-30-16-7-14-15(8-17(16)31-2)28(11-27-14)19-9-18(20(33-19)21(26)29)32-10-12-5-3-4-6-13(12)22(23,24)25/h3-9,11H,10H2,1-2H3,(H2,26,29)",JSKUWFIZUALZLX-UHFFFAOYSA-N,COC1=C(C=C2C(=C1)N=CN2C3=CC(=C(S3)C(=O)N)OCC4=CC=CC=C4C(F)(F)F)OC
135,Gefitinib,"InChI=1S/C22H24ClFN4O3/c1-29-20-13-19-16(12-21(20)31-8-2-5-28-6-9-30-10-7-28)22(26-14-25-19)27-15-3-4-18(24)17(23)11-15/h3-4,11-14H,2,5-10H2,1H3,(H,25,26,27)",XGALLCVXEZPNRQ-UHFFFAOYSA-N,COC1=C(C=C2C(=C1)N=CN=C2NC3=CC(=C(C=C3)F)Cl)OCCCN4CCOCC4
136,Gemcitabine,"InChI=1S/C9H11F2N3O4/c10-9(11)6(16)4(3-15)18-7(9)14-2-1-5(12)13-8(14)17/h1-2,4,6-7,15-16H,3H2,(H2,12,13,17)/t4-,6-,7-/m1/s1",SDUQYLNIPVEERB-QPPQHZFASA-N,C1=CN(C(=O)N=C1N)C2C(C(C(O2)CO)O)(F)F
137,Genentech Cpd 10,,,
138,HG-5-113-01,,,
139,HG-5-88-01,,,
140,HG6-64-1,"InChI=1S/C32H34F3N5O2/c1-4-39-13-15-40(16-14-39)20-25-9-10-26(18-28(25)32(33,34)35)38-31(41)23-6-5-21(2)22(17-23)7-8-24-19-37-30-27(11-12-36-30)29(24)42-3/h5-12,17-19H,4,13-16,20H2,1-3H3,(H,36,37)(H,38,41)/b8-7+",UMBFDGUGXMOMHX-BQYQJAHWSA-N,CCN1CCN(CC1)CC2=C(C=C(C=C2)NC(=O)C3=CC(=C(C=C3)C)C=CC4=CN=C5C(=C4OC)C=CN5)C(F)(F)F
141,I-BET-762,"InChI=1S/C22H22ClN5O2/c1-4-24-20(29)12-18-22-27-26-13(2)28(22)19-10-9-16(30-3)11-17(19)21(25-18)14-5-7-15(23)8-6-14/h5-11,18H,4,12H2,1-3H3,(H,24,29)/t18-/m0/s1",AAAQFGUYHFJNHI-SFHVURJKSA-N,CCNC(=O)CC1C2=NN=C(N2C3=C(C=C(C=C3)OC)C(=N1)C4=CC=C(C=C4)Cl)C
142,IAP_5620,,,
143,IAP_7638,,,
144,IC-87114,"InChI=1S/C22H19N7O/c1-13-6-3-4-9-16(13)29-17(27-15-8-5-7-14(2)18(15)22(29)30)10-28-12-26-19-20(23)24-11-25-21(19)28/h3-9,11-12H,10H2,1-2H3,(H2,23,24,25)",GNWHRHGTIBRNSM-UHFFFAOYSA-N,CC1=C2C(=CC=C1)N=C(N(C2=O)C3=CC=CC=C3C)CN4C=NC5=C(N=CN=C54)N
145,ICL1100013,,,
146,IGFR_3801,,,
147,IMD-0354,"InChI=1S/C15H8ClF6NO2/c16-9-1-2-12(24)11(6-9)13(25)23-10-4-7(14(17,18)19)3-8(5-10)15(20,21)22/h1-6,24H,(H,23,25)",CHILCFMQWMQVAL-UHFFFAOYSA-N,C1=CC(=C(C=C1Cl)C(=O)NC2=CC(=CC(=C2)C(F)(F)F)C(F)(F)F)O
148,IOX2,"InChI=1S/C19H16N2O5/c22-15(23)10-20-18(25)16-17(24)13-8-4-5-9-14(13)21(19(16)26)11-12-6-2-1-3-7-12/h1-9,24H,10-11H2,(H,20,25)(H,22,23)",CAOSCCRYLYQBES-UHFFFAOYSA-N,C1=CC=C(C=C1)CN2C3=CC=CC=C3C(=C(C2=O)C(=O)NCC(=O)O)O
149,IPA-3,"InChI=1S/C20H14O2S2/c21-17-11-9-13-5-1-3-7-15(13)19(17)23-24-20-16-8-4-2-6-14(16)10-12-18(20)22/h1-12,21-22H",RFAXLXKIAKIUDT-UHFFFAOYSA-N,C1=CC=C2C(=C1)C=CC(=C2SSC3=C(C=CC4=CC=CC=C43)O)O
150,Idelalisib,"InChI=1S/C22H18FN7O/c1-2-15(28-20-18-19(25-11-24-18)26-12-27-20)21-29-16-10-6-9-14(23)17(16)22(31)30(21)13-7-4-3-5-8-13/h3-12,15H,2H2,1H3,(H2,24,25,26,27,28)/t15-/m0/s1",IFSDAJWBUCMOAH-HNNXBMFYSA-N,CCC(C1=NC2=C(C(=CC=C2)F)C(=O)N1C3=CC=CC=C3)NC4=NC=NC5=C4NC=N5
151,Imatinib,"InChI=1S/C29H31N7O/c1-21-5-10-25(18-27(21)34-29-31-13-11-26(33-29)24-4-3-12-30-19-24)32-28(37)23-8-6-22(7-9-23)20-36-16-14-35(2)15-17-36/h3-13,18-19H,14-17,20H2,1-2H3,(H,32,37)(H,31,33,34)",KTUFNOKKBVMGRW-UHFFFAOYSA-N,CC1=C(C=C(C=C1)NC(=O)C2=CC=C(C=C2)CN3CCN(CC3)C)NC4=NC=CC(=N4)C5=CN=CC=C5
152,Ispinesib Mesylate,"InChI=1S/C30H33ClN4O2.CH4O3S/c1-20(2)27(34(17-7-16-32)29(36)23-12-10-21(3)11-13-23)28-33-26-18-24(31)14-15-25(26)30(37)35(28)19-22-8-5-4-6-9-22;1-5(2,3)4/h4-6,8-15,18,20,27H,7,16-17,19,32H2,1-3H3;1H3,(H,2,3,4)/t27-;/m1./s1",MRKSDPIHUJSKRA-HZPIKELBSA-N,CC1=CC=C(C=C1)C(=O)N(CCCN)C(C2=NC3=C(C=CC(=C3)Cl)C(=O)N2CC4=CC=CC=C4)C(C)C.CS(=O)(=O)O
153,JAK1_3715,,,
154,JAK3_7406,,,
155,JNJ38877605,"InChI=1S/C19H13F2N7/c1-27-11-13(10-23-27)16-6-7-17-24-25-18(28(17)26-16)19(20,21)14-4-5-15-12(9-14)3-2-8-22-15/h2-11H,1H3",JRWCBEOAFGHNNU-UHFFFAOYSA-N,CN1C=C(C=N1)C2=NN3C(=NN=C3C(C4=CC5=C(C=C4)N=CC=C5)(F)F)C=C2
156,JNK Inhibitor VIII,"InChI=1S/C18H20N4O4/c1-4-26-18-13(10-19)14(20)9-16(22-18)21-17(23)8-11-7-12(24-2)5-6-15(11)25-3/h5-7,9H,4,8H2,1-3H3,(H3,20,21,22,23)",KQMPRSZTUSSXND-UHFFFAOYSA-N,CCOC1=C(C(=CC(=N1)NC(=O)CC2=C(C=CC(=C2)OC)OC)N)C#N
157,JNK-9L,"InChI=1S/C14H15FN4O/c15-11-7-10(13-1-2-17-14(16)18-13)8-12(9-11)19-3-5-20-6-4-19/h1-2,7-9H,3-6H2,(H2,16,17,18)",RHOBEAICQPDGQW-UHFFFAOYSA-N,C1COCCN1C2=CC(=CC(=C2)C3=NC(=NC=C3)N)F
158,JQ1,"InChI=1S/C23H25ClN4O2S/c1-12-13(2)31-22-19(12)20(15-7-9-16(24)10-8-15)25-17(11-18(29)30-23(4,5)6)21-27-26-14(3)28(21)22/h7-10,17H,11H2,1-6H3/t17-/m0/s1",DNVXATUJJDPFDM-KRWDZBQOSA-N,CC1=C(SC2=C1C(=NC(C3=NN=C(N32)C)CC(=O)OC(C)(C)C)C4=CC=C(C=C4)Cl)C
159,JQ12,,,
160,JW-7-24-1,,,
161,JW-7-52-1,,,
162,KIN001-042,,,
163,KIN001-236,,,
164,KIN001-244,,,
165,KIN001-260,,,
166,KIN001-266,,,
167,KIN001-270,,,
168,KU-55933,"InChI=1S/C21H17NO3S2/c23-14-12-16(25-20(13-14)22-8-10-24-11-9-22)15-4-3-7-19-21(15)27-18-6-2-1-5-17(18)26-19/h1-7,12-13H,8-11H2",XRKYMMUGXMWDAO-UHFFFAOYSA-N,C1COCCN1C2=CC(=O)C=C(O2)C3=C4C(=CC=C3)SC5=CC=CC=C5S4
169,KU-60019,"InChI=1S/C30H33N3O5S/c1-19-16-32(17-20(2)37-19)18-28(35)31-23-6-7-27-22(13-23)12-21-4-3-5-25(30(21)39-27)26-14-24(34)15-29(38-26)33-8-10-36-11-9-33/h3-7,13-15,19-20H,8-12,16-18H2,1-2H3,(H,31,35)/t19-,20+",SCELLOWTHJGVIC-BGYRXZFFSA-N,CC1CN(CC(O1)C)CC(=O)NC2=CC3=C(C=C2)SC4=C(C3)C=CC=C4C5=CC(=O)C=C(O5)N6CCOCC6
170,Kobe2602,"InChI=1S/C14H9F4N5O4S/c15-8-1-3-9(4-2-8)19-13(28)21-20-12-10(22(24)25)5-7(14(16,17)18)6-11(12)23(26)27/h1-6,20H,(H2,19,21,28)",NNPBSITXCGPXJC-UHFFFAOYSA-N,C1=CC(=CC=C1NC(=S)NNC2=C(C=C(C=C2[N+](=O)[O-])C(F)(F)F)[N+](=O)[O-])F
171,LCL161,"InChI=1S/C26H33FN4O3S/c1-16(28-2)24(33)30-22(17-7-4-3-5-8-17)26(34)31-14-6-9-21(31)25-29-20(15-35-25)23(32)18-10-12-19(27)13-11-18/h10-13,15-17,21-22,28H,3-9,14H2,1-2H3,(H,30,33)/t16-,21-,22-/m0/s1",UFPFGVNKHCLJJO-SSKFGXFMSA-N,CC(C(=O)NC(C1CCCCC1)C(=O)N2CCCC2C3=NC(=CS3)C(=O)C4=CC=C(C=C4)F)NC
172,LDN-193189,"InChI=1S/C25H22N6/c1-2-4-24-22(3-1)21(9-10-27-24)23-16-29-31-17-19(15-28-25(23)31)18-5-7-20(8-6-18)30-13-11-26-12-14-30/h1-10,15-17,26H,11-14H2",CDOVNWNANFFLFJ-UHFFFAOYSA-N,C1CN(CCN1)C2=CC=C(C=C2)C3=CN4C(=C(C=N4)C5=CC=NC6=CC=CC=C56)N=C3
173,LFM-A13,"InChI=1S/C11H8Br2N2O2/c1-6(16)8(5-14)11(17)15-10-4-7(12)2-3-9(10)13/h2-4,16H,1H3,(H,15,17)/b8-6-",UVSVTDVJQAJIFG-VURMDHGXSA-N,CC(=C(C#N)C(=O)NC1=C(C=CC(=C1)Br)Br)O
174,LGK974,"InChI=1S/C23H20N6O/c1-15-9-17(12-28-23(15)18-5-6-25-16(2)10-18)11-22(30)29-21-4-3-19(13-27-21)20-14-24-7-8-26-20/h3-10,12-14H,11H2,1-2H3,(H,27,29,30)",XXYGTCZJJLTAGH-UHFFFAOYSA-N,CC1=CC(=CN=C1C2=CC(=NC=C2)C)CC(=O)NC3=NC=C(C=C3)C4=NC=CN=C4
175,LIMK1 inhibitor BMS4,,,
176,Lapatinib,"InChI=1S/C29H26ClFN4O4S/c1-40(36,37)12-11-32-16-23-7-10-27(39-23)20-5-8-26-24(14-20)29(34-18-33-26)35-22-6-9-28(25(30)15-22)38-17-19-3-2-4-21(31)13-19/h2-10,13-15,18,32H,11-12,16-17H2,1H3,(H,33,34,35)",BCFGMOOMADDAQU-UHFFFAOYSA-N,CS(=O)(=O)CCNCC1=CC=C(O1)C2=CC3=C(C=C2)N=CN=C3NC4=CC(=C(C=C4)OCC5=CC(=CC=C5)F)Cl
177,Lenalidomide,"InChI=1S/C13H13N3O3/c14-9-3-1-2-7-8(9)6-16(13(7)19)10-4-5-11(17)15-12(10)18/h1-3,10H,4-6,14H2,(H,15,17,18)",GOTYRUGSSMKFNF-UHFFFAOYSA-N,C1CC(=O)NC(=O)C1N2CC3=C(C2=O)C=CC=C3N
178,Lestaurtinib,"InChI=1S/C26H21N3O4/c1-25-26(32,12-30)10-18(33-25)28-16-8-4-2-6-13(16)20-21-15(11-27-24(21)31)19-14-7-3-5-9-17(14)29(25)23(19)22(20)28/h2-9,18,30,32H,10-12H2,1H3,(H,27,31)/t18-,25+,26+/m1/s1",UIARLYUEJFELEN-LROUJFHJSA-N,CC12C(CC(O1)N3C4=CC=CC=C4C5=C6C(=C7C8=CC=CC=C8N2C7=C53)CNC6=O)(CO)O
179,Linifanib,"InChI=1S/C21H18FN5O/c1-12-5-10-16(22)18(11-12)25-21(28)24-14-8-6-13(7-9-14)15-3-2-4-17-19(15)20(23)27-26-17/h2-11H,1H3,(H3,23,26,27)(H2,24,25,28)",MPVGZUGXCQEXTM-UHFFFAOYSA-N,CC1=CC(=C(C=C1)F)NC(=O)NC2=CC=C(C=C2)C3=C4C(=CC=C3)NN=C4N
180,Linsitinib,"InChI=1S/C26H23N5O/c1-26(32)14-19(15-26)25-30-22(23-24(27)28-11-12-31(23)25)18-8-7-17-9-10-20(29-21(17)13-18)16-5-3-2-4-6-16/h2-13,19,32H,14-15H2,1H3,(H2,27,28)",PKCDDUHJAFVJJB-UHFFFAOYSA-N,CC1(CC(C1)C2=NC(=C3N2C=CN=C3N)C4=CC5=C(C=C4)C=CC(=N5)C6=CC=CC=C6)O
181,Luminespib,"InChI=1S/C26H31N3O5/c1-4-27-26(32)24-23(18-7-5-17(6-8-18)15-29-9-11-33-12-10-29)25(34-28-24)20-13-19(16(2)3)21(30)14-22(20)31/h5-8,13-14,16,30-31H,4,9-12,15H2,1-3H3,(H,27,32)",NDAZATDQFDPQBD-UHFFFAOYSA-N,CCNC(=O)C1=NOC(=C1C2=CC=C(C=C2)CN3CCOCC3)C4=CC(=C(C=C4O)O)C(C)C
182,MCT1_6447,,,
183,MCT4_1422,,,
184,MG-132,"InChI=1S/C26H41N3O5/c1-17(2)12-21(15-30)27-24(31)22(13-18(3)4)28-25(32)23(14-19(5)6)29-26(33)34-16-20-10-8-7-9-11-20/h7-11,15,17-19,21-23H,12-14,16H2,1-6H3,(H,27,31)(H,28,32)(H,29,33)/t21-,22-,23-/m0/s1",TZYWCYJVHRLUCT-VABKMULXSA-N,CC(C)CC(C=O)NC(=O)C(CC(C)C)NC(=O)C(CC(C)C)NC(=O)OCC1=CC=CC=C1
185,MIM1,"InChI=1S/C17H21N3O3S/c1-11-10-24-17(19-13-5-3-2-4-6-13)20(11)18-9-12-7-8-14(21)16(23)15(12)22/h7-10,13,21-23H,2-6H2,1H3/b18-9+,19-17?",RGGFUBMUOVFZEF-CQPAABLISA-N,CC1=CSC(=NC2CCCCC2)N1N=CC3=C(C(=C(C=C3)O)O)O
186,MK-2206,"InChI=1S/C25H21N5O/c26-25(12-4-13-25)18-9-7-17(8-10-18)22-19(16-5-2-1-3-6-16)15-20-21(27-22)11-14-30-23(20)28-29-24(30)31/h1-3,5-11,14-15H,4,12-13,26H2,(H,29,31)",ULDXWLCXEDXJGE-UHFFFAOYSA-N,C1CC(C1)(C2=CC=C(C=C2)C3=C(C=C4C(=N3)C=CN5C4=NNC5=O)C6=CC=CC=C6)N
187,MPS-1-IN-1,,,
188,Masitinib,"InChI=1S/C28H30N6OS/c1-20-5-10-24(16-25(20)31-28-32-26(19-36-28)23-4-3-11-29-17-23)30-27(35)22-8-6-21(7-9-22)18-34-14-12-33(2)13-15-34/h3-11,16-17,19H,12-15,18H2,1-2H3,(H,30,35)(H,31,32)",WJEOLQLKVOPQFV-UHFFFAOYSA-N,CC1=C(C=C(C=C1)NC(=O)C2=CC=C(C=C2)CN3CCN(CC3)C)NC4=NC(=CS4)C5=CN=CC=C5
189,"MetAP2 Inhibitor, A832234",,,
190,Methotrexate,"InChI=1S/C20H22N8O5/c1-28(9-11-8-23-17-15(24-11)16(21)26-20(22)27-17)12-4-2-10(3-5-12)18(31)25-13(19(32)33)6-7-14(29)30/h2-5,8,13H,6-7,9H2,1H3,(H,25,31)(H,29,30)(H,32,33)(H4,21,22,23,26,27)/t13-/m0/s1",FBOZXECLQNJBKD-ZDUSSCGKSA-N,CN(CC1=CN=C2C(=N1)C(=NC(=N2)N)N)C3=CC=C(C=C3)C(=O)NC(CCC(=O)O)C(=O)O
191,Midostaurin,"InChI=1S/C35H30N4O4/c1-35-32(42-3)25(37(2)34(41)19-11-5-4-6-12-19)17-26(43-35)38-23-15-9-7-13-20(23)28-29-22(18-36-33(29)40)27-21-14-8-10-16-24(21)39(35)31(27)30(28)38/h4-16,25-26,32H,17-18H2,1-3H3,(H,36,40)/t25-,26-,32-,35+/m1/s1",BMGQWWVMWDBQGC-IIFHNQTCSA-N,CC12C(C(CC(O1)N3C4=CC=CC=C4C5=C6C(=C7C8=CC=CC=C8N2C7=C53)CNC6=O)N(C)C(=O)C9=CC=CC=C9)OC
192,Mirin,"InChI=1S/C10H8N2O2S/c11-10-12-9(14)8(15-10)5-6-1-3-7(13)4-2-6/h1-5,13H,(H2,11,12,14)/b8-5-",YBHQCJILTOVLHD-YVMONPNESA-N,C1=CC(=CC=C1C=C2C(=O)NC(=N)S2)O
193,Mitomycin-C,"InChI=1S/C15H18N4O5/c1-5-9(16)12(21)8-6(4-24-14(17)22)15(23-2)13-7(18-13)3-19(15)10(8)11(5)20/h6-7,13,18H,3-4,16H2,1-2H3,(H2,17,22)/t6-,7+,13+,15-/m1/s1",NWIBSHFKIJFRCO-WUDYKRTCSA-N,CC1=C(C(=O)C2=C(C1=O)N3CC4C(C3(C2COC(=O)N)OC)N4)N
194,Motesanib,"InChI=1S/C22H23N5O/c1-22(2)14-26-19-12-16(5-6-18(19)22)27-21(28)17-4-3-9-24-20(17)25-13-15-7-10-23-11-8-15/h3-12,26H,13-14H2,1-2H3,(H,24,25)(H,27,28)",RAHBGWKEPAQNFF-UHFFFAOYSA-N,CC1(CNC2=C1C=CC(=C2)NC(=O)C3=C(N=CC=C3)NCC4=CC=NC=C4)C
195,NG-25,"InChI=1S/C29H30F3N5O2/c1-3-36-12-14-37(15-13-36)18-21-6-7-22(17-24(21)29(30,31)32)35-28(38)20-5-4-19(2)26(16-20)39-25-9-11-34-27-23(25)8-10-33-27/h4-11,16-17H,3,12-15,18H2,1-2H3,(H,33,34)(H,35,38)",SMPGEBOIKULBCT-UHFFFAOYSA-N,CCN1CCN(CC1)CC2=C(C=C(C=C2)NC(=O)C3=CC(=C(C=C3)C)OC4=C5C=CNC5=NC=C4)C(F)(F)F
196,NPK76-II-72-1,,,
197,NSC-207895,"InChI=1S/C11H13N5O4/c1-13-4-6-14(7-5-13)9-3-2-8(15(17)18)10-11(9)16(19)20-12-10/h2-3H,4-7H2,1H3",MWFZDJLPWDCQIL-UHFFFAOYSA-N,CN1CCN(CC1)C2=CC=C(C3=NO[N+](=C23)[O-])[N+](=O)[O-]
198,NSC-87877,"InChI=1S/C19H13N3O7S2/c23-19-16(10-17(31(27,28)29)15-2-1-7-20-18(15)19)22-21-13-5-3-12-9-14(30(24,25)26)6-4-11(12)8-13/h1-10,23H,(H,24,25,26)(H,27,28,29)",XGMFVZOKHBRUTL-UHFFFAOYSA-N,C1=CC2=C(C=C(C(=C2N=C1)O)N=NC3=CC4=C(C=C3)C=C(C=C4)S(=O)(=O)O)S(=O)(=O)O
199,NSC319726,"InChI=1S/C11H14N4S/c1-9(10-5-2-3-6-12-10)13-14-11(16)15-7-4-8-15/h2-3,5-6H,4,7-8H2,1H3,(H,14,16)/b13-9+",XDHBUMNIQRLHGO-UKTHLTGXSA-N,CC(=NNC(=S)N1CCC1)C2=CC=CC=N2
200,NU7441,"InChI=1S/C25H19NO3S/c27-21-15-23(26-11-13-28-14-12-26)29-24-17(6-3-9-20(21)24)19-8-4-7-18-16-5-1-2-10-22(16)30-25(18)19/h1-10,15H,11-14H2",JAMULYFATHSZJM-UHFFFAOYSA-N,C1COCCN1C2=CC(=O)C3=C(O2)C(=CC=C3)C4=CC=CC5=C4SC6=CC=CC=C56
201,NVP-BHG712,"InChI=1S/C26H20F3N7O/c1-15-8-9-16(25(37)32-19-7-3-6-18(12-19)26(27,28)29)11-21(15)33-23-20-14-31-36(2)24(20)35-22(34-23)17-5-4-10-30-13-17/h3-14H,1-2H3,(H,32,37)(H,33,34,35)",ZCCPLJOKGAACRT-UHFFFAOYSA-N,CC1=C(C=C(C=C1)C(=O)NC2=CC=CC(=C2)C(F)(F)F)NC3=C4C=NN(C4=NC(=N3)C5=CN=CC=C5)C
202,NVP-TAE684,"InChI=1S/C30H40ClN7O3S/c1-21(2)42(39,40)28-8-6-5-7-26(28)33-29-24(31)20-32-30(35-29)34-25-10-9-23(19-27(25)41-4)37-13-11-22(12-14-37)38-17-15-36(3)16-18-38/h5-10,19-22H,11-18H2,1-4H3,(H2,32,33,34,35)",QQWUGDVOUVUTOY-UHFFFAOYSA-N,CC(C)S(=O)(=O)C1=CC=CC=C1NC2=NC(=NC=C2Cl)NC3=C(C=C(C=C3)N4CCC(CC4)N5CCN(CC5)C)OC
203,Navitoclax,"InChI=1S/C47H55ClF3N5O6S3/c1-46(2)20-18-42(34-8-12-37(48)13-9-34)36(31-46)32-55-22-24-56(25-23-55)39-14-10-35(11-15-39)45(57)53-65(60,61)41-16-17-43(44(30-41)64(58,59)47(49,50)51)52-38(19-21-54-26-28-62-29-27-54)33-63-40-6-4-3-5-7-40/h3-17,30,38,52H,18-29,31-33H2,1-2H3,(H,53,57)/t38-/m1/s1",JLYAXFNOILIKPP-KXQOOQHDSA-N,CC1(CCC(=C(C1)CN2CCN(CC2)C3=CC=C(C=C3)C(=O)NS(=O)(=O)C4=CC(=C(C=C4)NC(CCN5CCOCC5)CSC6=CC=CC=C6)S(=O)(=O)C(F)(F)F)C7=CC=C(C=C7)Cl)C
204,Nilotinib,"InChI=1S/C28H22F3N7O/c1-17-5-6-19(10-25(17)37-27-33-9-7-24(36-27)20-4-3-8-32-14-20)26(39)35-22-11-21(28(29,30)31)12-23(13-22)38-15-18(2)34-16-38/h3-16H,1-2H3,(H,35,39)(H,33,36,37)",HHZIURLSWUIHRB-UHFFFAOYSA-N,CC1=C(C=C(C=C1)C(=O)NC2=CC(=CC(=C2)C(F)(F)F)N3C=C(N=C3)C)NC4=NC=CC(=N4)C5=CN=CC=C5
205,Nutlin-3a (-),,,
206,OSI-027,"InChI=1S/C21H22N6O3/c1-30-15-4-2-3-13-9-14(25-16(13)15)17-18-19(22)23-10-24-27(18)20(26-17)11-5-7-12(8-6-11)21(28)29/h2-4,9-12,25H,5-8H2,1H3,(H,28,29)(H2,22,23,24)",JROFGZPOBKIAEW-UHFFFAOYSA-N,COC1=CC=CC2=C1NC(=C2)C3=C4C(=NC=NN4C(=N3)C5CCC(CC5)C(=O)O)N
207,OSI-930,"InChI=1S/C22H16F3N3O2S/c23-22(24,25)30-16-7-5-15(6-8-16)28-21(29)20-19(10-12-31-20)27-13-14-9-11-26-18-4-2-1-3-17(14)18/h1-12,27H,13H2,(H,28,29)",FGTCROZDHDSNIO-UHFFFAOYSA-N,C1=CC=C2C(=C1)C(=CC=N2)CNC3=C(SC=C3)C(=O)NC4=CC=C(C=C4)OC(F)(F)F
208,OSU-03012,"InChI=1S/C26H19F3N4O/c27-26(28,29)24-14-23(33(32-24)20-10-8-19(9-11-20)31-25(34)15-30)18-7-12-22-17(13-18)6-5-16-3-1-2-4-21(16)22/h1-14H,15,30H2,(H,31,34)",YULUCECVQOCQFQ-UHFFFAOYSA-N,C1=CC=C2C(=C1)C=CC3=C2C=CC(=C3)C4=CC(=NN4C5=CC=C(C=C5)NC(=O)CN)C(F)(F)F
209,Obatoclax Mesylate,"InChI=1S/C20H19N3O.CH4O3S/c1-12-8-13(2)21-16(12)10-19-20(24-3)11-18(23-19)17-9-14-6-4-5-7-15(14)22-17;1-5(2,3)4/h4-11,21,23H,1-3H3;1H3,(H,2,3,4)/b18-17-,19-10-;",ZVAGBRFUYHSUHA-LZOXOEDVSA-N,CC1=CC(=C(N1)C=C2C(=CC(=C3C=C4C=CC=CC4=N3)N2)OC)C.CS(=O)(=O)O
210,Olaparib,"InChI=1S/C24H23FN4O3/c25-20-8-5-15(14-21-17-3-1-2-4-18(17)22(30)27-26-21)13-19(20)24(32)29-11-9-28(10-12-29)23(31)16-6-7-16/h1-5,8,13,16H,6-7,9-12,14H2,(H,27,30)",FDLYAMZZIXQODN-UHFFFAOYSA-N,C1CC1C(=O)N2CCN(CC2)C(=O)C3=C(C=CC(=C3)CC4=NNC(=O)C5=CC=CC=C54)F
211,Omipalisib,"InChI=1S/C25H17F2N5O3S/c1-35-25-23(32-36(33,34)24-5-3-18(26)12-21(24)27)11-17(13-29-25)15-2-4-22-20(10-15)19(7-8-28-22)16-6-9-30-31-14-16/h2-14,32H,1H3",CGBJSGAELGCMKE-UHFFFAOYSA-N,COC1=C(C=C(C=N1)C2=CC3=C(C=CN=C3C=C2)C4=CN=NC=C4)NS(=O)(=O)C5=C(C=C(C=C5)F)F
212,PAC-1,"InChI=1S/C23H28N4O2/c1-2-7-20-10-6-11-21(23(20)29)16-24-25-22(28)18-27-14-12-26(13-15-27)17-19-8-4-3-5-9-19/h2-6,8-11,16,29H,1,7,12-15,17-18H2,(H,25,28)/b24-16+",YQNRVGJCPCNMKT-LFVJCYFKSA-N,C=CCC1=C(C(=CC=C1)C=NNC(=O)CN2CCN(CC2)CC3=CC=CC=C3)O
213,PARP_0108,,,
214,PARP_9482,,,
215,PARP_9495,,,
216,PD0325901,"InChI=1S/C16H14F3IN2O4/c17-11-3-2-10(16(25)22-26-7-9(24)6-23)15(14(11)19)21-13-4-1-8(20)5-12(13)18/h1-5,9,21,23-24H,6-7H2,(H,22,25)/t9-/m1/s1",SUDAHWBOROXANE-SECBINFHSA-N,C1=CC(=C(C=C1I)F)NC2=C(C=CC(=C2F)F)C(=O)NOCC(CO)O
217,PD173074,"InChI=1S/C28H41N7O3/c1-8-35(9-2)13-11-10-12-29-26-30-18-20-16-23(19-14-21(37-6)17-22(15-19)38-7)25(31-24(20)32-26)33-27(36)34-28(3,4)5/h14-18H,8-13H2,1-7H3,(H3,29,30,31,32,33,34,36)",DXCUKNQANPLTEJ-UHFFFAOYSA-N,CCN(CC)CCCCNC1=NC2=NC(=C(C=C2C=N1)C3=CC(=CC(=C3)OC)OC)NC(=O)NC(C)(C)C
218,PF-00299804,"InChI=1S/C24H25ClFN5O2/c1-33-22-14-20-17(24(28-15-27-20)29-16-7-8-19(26)18(25)12-16)13-21(22)30-23(32)6-5-11-31-9-3-2-4-10-31/h5-8,12-15H,2-4,9-11H2,1H3,(H,30,32)(H,27,28,29)/b6-5+",LVXJQMNHJWSHET-AATRIKPKSA-N,COC1=C(C=C2C(=C1)N=CN=C2NC3=CC(=C(C=C3)F)Cl)NC(=O)C=CCN4CCCCC4
219,PF-4708671,"InChI=1S/C19H21F3N6/c1-2-13-10-23-12-24-18(13)28-7-5-27(6-8-28)11-17-25-15-4-3-14(19(20,21)22)9-16(15)26-17/h3-4,9-10,12H,2,5-8,11H2,1H3,(H,25,26)",FBLPQCAQRNSVHB-UHFFFAOYSA-N,CCC1=CN=CN=C1N2CCN(CC2)CC3=NC4=C(N3)C=C(C=C4)C(F)(F)F
220,PF-562271,"InChI=1S/C21H20F3N7O3S/c1-31(35(2,33)34)19-12(4-3-7-25-19)10-26-18-15(21(22,23)24)11-27-20(30-18)28-14-5-6-16-13(8-14)9-17(32)29-16/h3-8,11H,9-10H2,1-2H3,(H,29,32)(H2,26,27,28,30)",MZDKLVOWGIOKTN-UHFFFAOYSA-N,CN(C1=C(C=CC=N1)CNC2=NC(=NC=C2C(F)(F)F)NC3=CC4=C(C=C3)NC(=O)C4)S(=O)(=O)C
221,PFI-1,"InChI=1S/C16H17N3O4S/c1-19-10-11-9-12(7-8-13(11)17-16(19)20)18-24(21,22)15-6-4-3-5-14(15)23-2/h3-9,18H,10H2,1-2H3,(H,17,20)",TXZPMHLMPKIUGK-UHFFFAOYSA-N,CN1CC2=C(C=CC(=C2)NS(=O)(=O)C3=CC=CC=C3OC)NC1=O
222,PFI-3,"InChI=1S/C19H19N3O2/c23-17-6-2-1-5-16(17)18(24)8-10-21-12-15-11-14(21)13-22(15)19-7-3-4-9-20-19/h1-10,14-15,23H,11-13H2/b10-8+/t14-,15-/m1/s1",INAICWLVUAKEPB-QSTFCLMHSA-N,C1C2CN(C1CN2C3=CC=CC=N3)C=CC(=O)C4=CC=CC=C4O
223,PHA-665752,"InChI=1S/C32H34Cl2N4O4S/c1-19-29(35-20(2)30(19)32(40)38-14-6-7-21(38)17-37-12-3-4-13-37)16-24-23-15-22(10-11-28(23)36-31(24)39)43(41,42)18-25-26(33)8-5-9-27(25)34/h5,8-11,15-16,21,35H,3-4,6-7,12-14,17-18H2,1-2H3,(H,36,39)/b24-16-/t21-/m1/s1",OYONTEXKYJZFHA-SSHUPFPWSA-N,CC1=C(NC(=C1C(=O)N2CCCC2CN3CCCC3)C)C=C4C5=C(C=CC(=C5)S(=O)(=O)CC6=C(C=CC=C6Cl)Cl)NC4=O
224,PHA-793887,"InChI=1S/C19H31N5O2/c1-12(2)10-15(25)20-17-14-11-24(19(3,4)16(14)21-22-17)18(26)13-6-8-23(5)9-7-13/h12-13H,6-11H2,1-5H3,(H2,20,21,22,25)",HUXYBQXJVXOMKX-UHFFFAOYSA-N,CC(C)CC(=O)NC1=NNC2=C1CN(C2(C)C)C(=O)C3CCN(CC3)C
225,PI-103,"InChI=1S/C19H16N4O3/c24-13-4-1-3-12(11-13)17-21-15-14-5-2-6-20-19(14)26-16(15)18(22-17)23-7-9-25-10-8-23/h1-6,11,24H,7-10H2",TUVCWJQQGGETHL-UHFFFAOYSA-N,C1COCCN1C2=NC(=NC3=C2OC4=C3C=CC=N4)C5=CC(=CC=C5)O
226,PI3Ka_4409,,,
227,PIK-93,"InChI=1S/C14H16ClN3O4S2/c1-8-13(23-14(17-8)18-9(2)20)10-3-4-11(15)12(7-10)24(21,22)16-5-6-19/h3-4,7,16,19H,5-6H2,1-2H3,(H,17,18,20)",JFVNFXCESCXMBC-UHFFFAOYSA-N,CC1=C(SC(=N1)NC(=O)C)C2=CC(=C(C=C2)Cl)S(=O)(=O)NCCO
228,PLK_6522,,,
229,PLX-4720,"InChI=1S/C17H14ClF2N3O3S/c1-2-5-27(25,26)23-13-4-3-12(19)14(15(13)20)16(24)11-8-22-17-10(11)6-9(18)7-21-17/h3-4,6-8,23H,2,5H2,1H3,(H,21,22)",YZDJQTHVDDOVHR-UHFFFAOYSA-N,CCCS(=O)(=O)NC1=C(C(=C(C=C1)F)C(=O)C2=CNC3=C2C=C(C=N3)Cl)F
230,Paclitaxel,"InChI=1S/C47H51NO14/c1-25-31(60-43(56)36(52)35(28-16-10-7-11-17-28)48-41(54)29-18-12-8-13-19-29)23-47(57)40(61-42(55)30-20-14-9-15-21-30)38-45(6,32(51)22-33-46(38,24-58-33)62-27(3)50)39(53)37(59-26(2)49)34(25)44(47,4)5/h7-21,31-33,35-38,40,51-52,57H,22-24H2,1-6H3,(H,48,54)/t31-,32-,33+,35-,36+,37+,38-,40-,45+,46-,47+/m0/s1",RCINICONZNJXQF-MZXODVADSA-N,CC1=C2C(C(=O)C3(C(CC4C(C3C(C(C2(C)C)(CC1OC(=O)C(C(C5=CC=CC=C5)NC(=O)C6=CC=CC=C6)O)O)OC(=O)C7=CC=CC=C7)(CO4)OC(=O)C)O)C)OC(=O)C
231,Palbociclib,"InChI=1S/C24H29N7O2/c1-15-19-14-27-24(28-20-8-7-18(13-26-20)30-11-9-25-10-12-30)29-22(19)31(17-5-3-4-6-17)23(33)21(15)16(2)32/h7-8,13-14,17,25H,3-6,9-12H2,1-2H3,(H,26,27,28,29)",AHJRHEGDXFFMBM-UHFFFAOYSA-N,CC1=C(C(=O)N(C2=NC(=NC=C12)NC3=NC=C(C=C3)N4CCNCC4)C5CCCC5)C(=O)C
232,Panobinostat,"InChI=1S/C21H23N3O2/c1-15-18(19-4-2-3-5-20(19)23-15)12-13-22-14-17-8-6-16(7-9-17)10-11-21(25)24-26/h2-11,22-23,26H,12-14H2,1H3,(H,24,25)/b11-10+",FPOHNWQLNRZRFC-ZHACJKMWSA-N,CC1=C(C2=CC=CC=C2N1)CCNCC3=CC=C(C=C3)C=CC(=O)NO
233,Parthenolide,"InChI=1S/C15H20O3/c1-9-5-4-8-15(3)13(18-15)12-11(7-6-9)10(2)14(16)17-12/h5,11-13H,2,4,6-8H2,1,3H3/b9-5+/t11-,12-,13+,15+/m0/s1",KTEXNACQROZXEV-PVLRGYAZSA-N,CC1=CCCC2(C(O2)C3C(CC1)C(=C)C(=O)O3)C
234,Pazopanib,"InChI=1S/C21H23N7O2S/c1-13-5-6-15(11-19(13)31(22,29)30)24-21-23-10-9-20(25-21)27(3)16-7-8-17-14(2)28(4)26-18(17)12-16/h5-12H,1-4H3,(H2,22,29,30)(H,23,24,25)",CUIHSIWYWATEQL-UHFFFAOYSA-N,CC1=C(C=C(C=C1)NC2=NC=CC(=N2)N(C)C3=CC4=NN(C(=C4C=C3)C)C)S(=O)(=O)N
235,Pelitinib,"InChI=1S/C24H23ClFN5O2/c1-4-33-22-12-20-17(11-21(22)30-23(32)6-5-9-31(2)3)24(15(13-27)14-28-20)29-16-7-8-19(26)18(25)10-16/h5-8,10-12,14H,4,9H2,1-3H3,(H,28,29)(H,30,32)/b6-5+",WVUNYSQLFKLYNI-AATRIKPKSA-N,CCOC1=C(C=C2C(=C1)N=CC(=C2NC3=CC(=C(C=C3)F)Cl)C#N)NC(=O)C=CCN(C)C
236,Pemetrexed,"InChI=1S/C20H21N5O6/c21-20-24-16-15(18(29)25-20)12(9-22-16)6-3-10-1-4-11(5-2-10)17(28)23-13(19(30)31)7-8-14(26)27/h1-2,4-5,9,13H,3,6-8H2,(H,23,28)(H,26,27)(H,30,31)(H4,21,22,24,25,29)/t13-/m0/s1",WBXPDJSOTKVWSJ-ZDUSSCGKSA-N,C1=CC(=CC=C1CCC2=CNC3=C2C(=O)NC(=N3)N)C(=O)NC(CCC(=O)O)C(=O)O
237,Pevonedistat,"InChI=1S/C21H25N5O4S/c22-31(28,29)30-11-14-9-15(10-19(14)27)26-8-7-17-20(23-12-24-21(17)26)25-18-6-5-13-3-1-2-4-16(13)18/h1-4,7-8,12,14-15,18-19,27H,5-6,9-11H2,(H2,22,28,29)(H,23,24,25)/t14-,15+,18-,19-/m0/s1",MPUQHZXIXSTTDU-QXGSTGNESA-N,C1CC2=CC=CC=C2C1NC3=C4C=CN(C4=NC=N3)C5CC(C(C5)O)COS(=O)(=O)N
238,Phenformin,"InChI=1S/C10H15N5/c11-9(12)15-10(13)14-7-6-8-4-2-1-3-5-8/h1-5H,6-7H2,(H6,11,12,13,14,15)",ICFJFFQQTFMIBG-UHFFFAOYSA-N,C1=CC=C(C=C1)CCN=C(N)N=C(N)N
239,Pictilisib,"InChI=1S/C23H27N7O3S2/c1-35(31,32)30-7-5-28(6-8-30)15-16-13-20-21(34-16)23(29-9-11-33-12-10-29)26-22(25-20)17-3-2-4-19-18(17)14-24-27-19/h2-4,13-14H,5-12,15H2,1H3,(H,24,27)",LHNIIDJUOCFXAP-UHFFFAOYSA-N,CS(=O)(=O)N1CCN(CC1)CC2=CC3=C(S2)C(=NC(=N3)C4=C5C=NNC5=CC=C4)N6CCOCC6
240,Pilaralisib,"InChI=1S/C25H25ClN6O4S/c1-25(2,27)24(33)28-15-7-6-8-17(13-15)37(34,35)32-23-22(29-19-9-4-5-10-20(19)30-23)31-21-14-16(36-3)11-12-18(21)26/h4-14H,27H2,1-3H3,(H,28,33)(H,29,31)(H,30,32)",QINPEPAQOBZPOF-UHFFFAOYSA-N,CC(C)(C(=O)NC1=CC(=CC=C1)S(=O)(=O)NC2=NC3=CC=CC=C3N=C2NC4=C(C=CC(=C4)OC)Cl)N
241,Piperlongumine,"InChI=1S/C17H19NO5/c1-21-13-10-12(11-14(22-2)17(13)23-3)7-8-16(20)18-9-5-4-6-15(18)19/h4,6-8,10-11H,5,9H2,1-3H3/b8-7+",VABYUUZNAVQNPG-BQYQJAHWSA-N,COC1=CC(=CC(=C1OC)OC)C=CC(=O)N2CCC=CC2=O
242,Ponatinib,"InChI=1S/C29H27F3N6O/c1-20-5-6-22(16-21(20)8-10-25-18-33-27-4-3-11-34-38(25)27)28(39)35-24-9-7-23(26(17-24)29(30,31)32)19-37-14-12-36(2)13-15-37/h3-7,9,11,16-18H,12-15,19H2,1-2H3,(H,35,39)",PHXJVRSECIGDHY-UHFFFAOYSA-N,CC1=C(C=C(C=C1)C(=O)NC2=CC(=C(C=C2)CN3CCN(CC3)C)C(F)(F)F)C#CC4=CN=C5N4N=CC=C5
243,Pyrimethamine,"InChI=1S/C12H13ClN4/c1-2-9-10(11(14)17-12(15)16-9)7-3-5-8(13)6-4-7/h3-6H,2H2,1H3,(H4,14,15,16,17)",WKSAUQYGYAYLPV-UHFFFAOYSA-N,CCC1=C(C(=NC(=N1)N)N)C2=CC=C(C=C2)Cl
244,QL-VIII-58,,,
245,QL-X-138,"InChI=1S/C25H19N5O2/c1-3-23(31)29-22-11-19(7-4-15(22)2)30-24(32)9-6-17-12-26-21-8-5-16(10-20(21)25(17)30)18-13-27-28-14-18/h3-14H,1H2,2H3,(H,27,28)(H,29,31)",JMVDIGHUQAXWIE-UHFFFAOYSA-N,CC1=C(C=C(C=C1)N2C(=O)C=CC3=CN=C4C=CC(=CC4=C32)C5=CNN=C5)NC(=O)C=C
246,QL-XI-92,,,
247,QL-XII-47,,,
248,QL-XII-61,,,
249,QS11,"InChI=1S/C36H33N5O2/c42-23-31(20-25-8-3-1-4-9-25)38-34-33-35(40-36(39-34)43-32-19-18-28-12-7-13-30(28)21-32)41(24-37-33)22-26-14-16-29(17-15-26)27-10-5-2-6-11-27/h1-6,8-11,14-19,21,24,31,42H,7,12-13,20,22-23H2,(H,38,39,40)/t31-/m0/s1",DOKZLKDGUQWMSX-HKBQPEDESA-N,C1CC2=C(C1)C=C(C=C2)OC3=NC(=C4C(=N3)N(C=N4)CC5=CC=C(C=C5)C6=CC=CC=C6)NC(CC7=CC=CC=C7)CO
250,Quizartinib,"InChI=1S/C29H32N6O4S/c1-29(2,3)25-17-26(33-39-25)32-27(36)30-20-6-4-19(5-7-20)22-18-35-23-9-8-21(16-24(23)40-28(35)31-22)38-15-12-34-10-13-37-14-11-34/h4-9,16-18H,10-15H2,1-3H3,(H2,30,32,33,36)",CVWXJKQAOSCOAB-UHFFFAOYSA-N,CC(C)(C)C1=CC(=NO1)NC(=O)NC2=CC=C(C=C2)C3=CN4C5=C(C=C(C=C5)OCCN6CCOCC6)SC4=N3
251,RAF_9304,,,
252,RO-3306,"InChI=1S/C18H13N3OS2/c22-17-16(24-18(21-17)20-11-14-4-2-8-23-14)10-12-5-6-15-13(9-12)3-1-7-19-15/h1-10H,11H2,(H,20,21,22)/b16-10-",XOLMRFUGOINFDQ-YBEGLDIGSA-N,C1=CC2=C(C=CC(=C2)C=C3C(=O)NC(=NCC4=CC=CS4)S3)N=C1
253,RU-SKI 43,"InChI=1S/C22H30N2O2S/c1-4-16(2)13-23-14-22(25)24-10-8-21-19(9-11-27-21)20(24)15-26-18-7-5-6-17(3)12-18/h5-7,9,11-12,16,20,23H,4,8,10,13-15H2,1-3H3",AEENEMOEBJOKGN-UHFFFAOYSA-N,CCC(C)CNCC(=O)N1CCC2=C(C1COC3=CC=CC(=C3)C)C=CS2
254,Rapamycin,"InChI=1S/C51H79NO13/c1-30-16-12-11-13-17-31(2)42(61-8)28-38-21-19-36(7)51(60,65-38)48(57)49(58)52-23-15-14-18-39(52)50(59)64-43(33(4)26-37-20-22-40(53)44(27-37)62-9)29-41(54)32(3)25-35(6)46(56)47(63-10)45(55)34(5)24-30/h11-13,16-17,25,30,32-34,36-40,42-44,46-47,53,56,60H,14-15,18-24,26-29H2,1-10H3/b13-11+,16-12+,31-17+,35-25+/t30-,32-,33-,34-,36-,37+,38+,39+,40-,42+,43+,44-,46-,47+,51-/m1/s1",QFJCIRLUMZQUOT-HPLJOQBZSA-N,CC1CCC2CC(C(=CC=CC=CC(CC(C(=O)C(C(C(=CC(C(=O)CC(OC(=O)C3CCCCN3C(=O)C(=O)C1(O2)O)C(C)CC4CCC(C(C4)OC)O)C)C)O)OC)C)C)C)OC
255,Refametinib,"InChI=1S/C19H20F3IN2O5S/c1-30-15-7-13(21)16(22)18(24-14-3-2-10(23)6-12(14)20)17(15)25-31(28,29)19(4-5-19)8-11(27)9-26/h2-3,6-7,11,24-27H,4-5,8-9H2,1H3/t11-/m0/s1",RDSACQWTXKSHJT-NSHDSACASA-N,COC1=CC(=C(C(=C1NS(=O)(=O)C2(CC2)CC(CO)O)NC3=C(C=C(C=C3)I)F)F)F
256,Rucaparib,"InChI=1S/C19H18FN3O/c1-21-10-11-2-4-12(5-3-11)18-14-6-7-22-19(24)15-8-13(20)9-16(23-18)17(14)15/h2-5,8-9,21,23H,6-7,10H2,1H3,(H,22,24)",HMABYWSNWIZPAG-UHFFFAOYSA-N,CNCC1=CC=C(C=C1)C2=C3CCNC(=O)C4=C3C(=CC(=C4)F)N2
257,Ruxolitinib,"InChI=1S/C17H18N6/c18-7-5-15(12-3-1-2-4-12)23-10-13(9-22-23)16-14-6-8-19-17(14)21-11-20-16/h6,8-12,15H,1-5H2,(H,19,20,21)/t15-/m1/s1",HFNKQEVNSGCOJV-OAHLLOKOSA-N,C1CCC(C1)C(CC#N)N2C=C(C=N2)C3=C4C=CNC4=NC=N3
258,S-Trityl-L-cysteine,"InChI=1S/C22H21NO2S/c23-20(21(24)25)16-26-22(17-10-4-1-5-11-17,18-12-6-2-7-13-18)19-14-8-3-9-15-19/h1-15,20H,16,23H2,(H,24,25)/t20-/m0/s1",DLMYFMLKORXJPO-FQEVSTJZSA-N,C1=CC=C(C=C1)C(C2=CC=CC=C2)(C3=CC=CC=C3)SCC(C(=O)O)N
259,SB216763,"InChI=1S/C19H12Cl2N2O2/c1-23-9-13(11-4-2-3-5-15(11)23)17-16(18(24)22-19(17)25)12-7-6-10(20)8-14(12)21/h2-9H,1H3,(H,22,24,25)",JCSGFHVFHSKIJH-UHFFFAOYSA-N,CN1C=C(C2=CC=CC=C21)C3=C(C(=O)NC3=O)C4=C(C=C(C=C4)Cl)Cl
260,SB505124,"InChI=1S/C20H21N3O2/c1-12-6-5-7-14(21-12)18-17(22-19(23-18)20(2,3)4)13-8-9-15-16(10-13)25-11-24-15/h5-10H,11H2,1-4H3,(H,22,23)",WGZOTBUYUFBEPZ-UHFFFAOYSA-N,CC1=NC(=CC=C1)C2=C(N=C(N2)C(C)(C)C)C3=CC4=C(C=C3)OCO4
261,SB52334,,,
262,SB590885,"InChI=1S/C27H27N5O2/c1-32(2)15-16-34-22-7-3-19(4-8-22)27-29-25(18-11-13-28-14-12-18)26(30-27)21-5-9-23-20(17-21)6-10-24(23)31-33/h3-5,7-9,11-14,17,33H,6,10,15-16H2,1-2H3,(H,29,30)/b31-24+",MLSAQOINCGAULQ-QFMPWRQOSA-N,CN(C)CCOC1=CC=C(C=C1)C2=NC(=C(N2)C3=CC=NC=C3)C4=CC5=C(C=C4)C(=NO)CC5
263,SGC0946,"InChI=1S/C28H40BrN7O4/c1-16(2)35(12-6-11-31-27(39)34-18-9-7-17(8-10-18)28(3,4)5)14-20-22(37)23(38)26(40-20)36-13-19(29)21-24(30)32-15-33-25(21)36/h7-10,13,15-16,20,22-23,26,37-38H,6,11-12,14H2,1-5H3,(H2,30,32,33)(H2,31,34,39)/t20-,22-,23-,26-/m1/s1",IQCKJUKAQJINMK-HUBRGWSESA-N,CC(C)N(CCCNC(=O)NC1=CC=C(C=C1)C(C)(C)C)CC2C(C(C(O2)N3C=C(C4=C(N=CN=C43)N)Br)O)O
264,SL0101,"InChI=1S/C25H24O12/c1-10-21(34-11(2)26)24(35-12(3)27)20(32)25(33-10)37-23-19(31)18-16(30)8-15(29)9-17(18)36-22(23)13-4-6-14(28)7-5-13/h4-10,20-21,24-25,28-30,32H,1-3H3/t10-,20+,21-,24-,25-/m0/s1",SXOZSDJHGMAEGZ-IGKKHSBFSA-N,CC1C(C(C(C(O1)OC2=C(OC3=CC(=CC(=C3C2=O)O)O)C4=CC=C(C=C4)O)O)OC(=O)C)OC(=O)C
265,SN-38,"InChI=1S/C22H20N2O5/c1-3-12-13-7-11(25)5-6-17(13)23-19-14(12)9-24-18(19)8-16-15(20(24)26)10-29-21(27)22(16,28)4-2/h5-8,25,28H,3-4,9-10H2,1-2H3/t22-/m0/s1",FJHBVJOVLFPMQE-QFIPXVFZSA-N,CCC1=C2CN3C(=CC4=C(C3=O)COC(=O)C4(CC)O)C2=NC5=C1C=C(C=C5)O
266,SNX-2112,"InChI=1S/C23H27F3N4O3/c1-22(2)10-17-19(18(32)11-22)20(23(24,25)26)29-30(17)13-5-8-15(21(27)33)16(9-13)28-12-3-6-14(31)7-4-12/h5,8-9,12,14,28,31H,3-4,6-7,10-11H2,1-2H3,(H2,27,33)",ZFVRYNYOPQZKDG-UHFFFAOYSA-N,CC1(CC2=C(C(=O)C1)C(=NN2C3=CC(=C(C=C3)C(=O)N)NC4CCC(CC4)O)C(F)(F)F)C
267,STF-62247,"InChI=1S/C15H13N3S/c1-11-3-2-4-13(9-11)17-15-18-14(10-19-15)12-5-7-16-8-6-12/h2-10H,1H3,(H,17,18)",KATNUHQNJGNLPW-UHFFFAOYSA-N,CC1=CC(=CC=C1)NC2=NC(=CS2)C3=CC=NC=C3
268,SU11274,"InChI=1S/C28H30ClN5O4S/c1-17-25(30-18(2)26(17)28(36)34-12-10-32(3)11-13-34)16-23-22-15-21(8-9-24(22)31-27(23)35)39(37,38)33(4)20-7-5-6-19(29)14-20/h5-9,14-16,30H,10-13H2,1-4H3,(H,31,35)/b23-16-",FPYJSJDOHRDAMT-KQWNVCNZSA-N,CC1=C(NC(=C1C(=O)N2CCN(CC2)C)C)C=C3C4=C(C=CC(=C4)S(=O)(=O)N(C)C5=CC(=CC=C5)Cl)NC3=O
269,Salubrinal,"InChI=1S/C21H17Cl3N4OS/c22-21(23,24)19(27-17(29)12-11-14-6-2-1-3-7-14)28-20(30)26-16-10-4-8-15-9-5-13-25-18(15)16/h1-13,19H,(H,27,29)(H2,26,28,30)/b12-11+",LCOIAYJMPKXARU-VAWYXSNFSA-N,C1=CC=C(C=C1)C=CC(=O)NC(C(Cl)(Cl)Cl)NC(=S)NC2=CC=CC3=C2N=CC=C3
270,Saracatinib,"InChI=1S/C27H32ClN5O5/c1-32-6-8-33(9-7-32)10-13-35-19-14-21-24(23(15-19)38-18-4-11-34-12-5-18)27(30-16-29-21)31-25-20(28)2-3-22-26(25)37-17-36-22/h2-3,14-16,18H,4-13,17H2,1H3,(H,29,30,31)",OUKYUETWWIPKQR-UHFFFAOYSA-N,CN1CCN(CC1)CCOC2=CC3=C(C(=C2)OC4CCOCC4)C(=NC=N3)NC5=C(C=CC6=C5OCO6)Cl
271,Seliciclib,"InChI=1S/C19H26N6O/c1-4-15(11-26)22-19-23-17(20-10-14-8-6-5-7-9-14)16-18(24-19)25(12-21-16)13(2)3/h5-9,12-13,15,26H,4,10-11H2,1-3H3,(H2,20,22,23,24)/t15-/m1/s1",BTIHMVBBUGXLCJ-OAHLLOKOSA-N,CCC(CO)NC1=NC(=C2C(=N1)N(C=N2)C(C)C)NCC3=CC=CC=C3
272,Selisistat,"InChI=1S/C13H13ClN2O/c14-7-4-5-11-10(6-7)8-2-1-3-9(13(15)17)12(8)16-11/h4-6,9,16H,1-3H2,(H2,15,17)",FUZYTVDVLBBXDL-UHFFFAOYSA-N,C1CC(C2=C(C1)C3=C(N2)C=CC(=C3)Cl)C(=O)N
273,Selumetinib,"InChI=1S/C17H15BrClFN4O3/c1-24-8-21-16-13(24)7-10(17(26)23-27-5-4-25)15(14(16)20)22-12-3-2-9(18)6-11(12)19/h2-3,6-8,22,25H,4-5H2,1H3,(H,23,26)",CYOHGALHFOKKQC-UHFFFAOYSA-N,CN1C=NC2=C1C=C(C(=C2F)NC3=C(C=C(C=C3)Br)Cl)C(=O)NOCCO
274,Sepantronium bromide,"InChI=1S/C20H19N4O3.BrH/c1-13-23(9-10-27-2)17-18(24(13)12-14-11-21-7-8-22-14)20(26)16-6-4-3-5-15(16)19(17)25;/h3-8,11H,9-10,12H2,1-2H3;1H/q+1;/p-1",QBIYUDDJPRGKNJ-UHFFFAOYSA-M,CC1=[N+](C2=C(N1CCOC)C(=O)C3=CC=CC=C3C2=O)CC4=NC=CN=C4.[Br-]
275,Serdemetan,"InChI=1S/C21H20N4/c1-2-4-21-20(3-1)16(15-24-21)9-14-23-17-5-7-18(8-6-17)25-19-10-12-22-13-11-19/h1-8,10-13,15,23-24H,9,14H2,(H,22,25)",CEGSUKYESLWKJP-UHFFFAOYSA-N,C1=CC=C2C(=C1)C(=CN2)CCNC3=CC=C(C=C3)NC4=CC=NC=C4
276,Shikonin,"InChI=1S/C16H16O5/c1-8(2)3-4-10(17)9-7-13(20)14-11(18)5-6-12(19)15(14)16(9)21/h3,5-7,10,17-19H,4H2,1-2H3/t10-/m1/s1",NEZONWMXZKDMKF-SNVBAGLBSA-N,CC(=CCC(C1=CC(=O)C2=C(C=CC(=C2C1=O)O)O)O)C
277,Sorafenib,"InChI=1S/C21H16ClF3N4O3/c1-26-19(30)18-11-15(8-9-27-18)32-14-5-2-12(3-6-14)28-20(31)29-13-4-7-17(22)16(10-13)21(23,24)25/h2-11H,1H3,(H,26,30)(H2,28,29,31)",MLDQJTXFUGDVEO-UHFFFAOYSA-N,CNC(=O)C1=NC=CC(=C1)OC2=CC=C(C=C2)NC(=O)NC3=CC(=C(C=C3)Cl)C(F)(F)F
278,Sphingosine Kinase 1 Inhibitor II,"InChI=1S/C27H31NO4S/c1-21-14-24(20-33(30,31)27-7-3-2-4-8-27)16-26(15-21)32-19-23-11-9-22(10-12-23)17-28-13-5-6-25(28)18-29/h2-4,7-12,14-16,25,29H,5-6,13,17-20H2,1H3",NPUXORBZRBIOMQ-UHFFFAOYSA-N,CC1=CC(=CC(=C1)OCC2=CC=C(C=C2)CN3CCCC3CO)CS(=O)(=O)C4=CC=CC=C4
279,Sunitinib,"InChI=1S/C22H27FN4O2/c1-5-27(6-2)10-9-24-22(29)20-13(3)19(25-14(20)4)12-17-16-11-15(23)7-8-18(16)26-21(17)28/h7-8,11-12,25H,5-6,9-10H2,1-4H3,(H,24,29)(H,26,28)/b17-12-",WINHZLLDWRZWRT-ATVHPVEESA-N,CCN(CC)CCNC(=O)C1=C(NC(=C1C)C=C2C3=C(C=CC(=C3)F)NC2=O)C
280,T0901317,"InChI=1S/C17H12F9NO3S/c18-14(19,20)10-27(31(29,30)13-4-2-1-3-5-13)12-8-6-11(7-9-12)15(28,16(21,22)23)17(24,25)26/h1-9,28H,10H2",SGIWFELWJPNFDH-UHFFFAOYSA-N,C1=CC=C(C=C1)S(=O)(=O)N(CC(F)(F)F)C2=CC=C(C=C2)C(C(F)(F)F)(C(F)(F)F)O
281,TAK-715,"InChI=1S/C24H21N3OS/c1-3-21-27-22(18-11-7-8-16(2)14-18)23(29-21)19-12-13-25-20(15-19)26-24(28)17-9-5-4-6-10-17/h4-15H,3H2,1-2H3,(H,25,26,28)",HEKAIDKUDLCBRU-UHFFFAOYSA-N,CCC1=NC(=C(S1)C2=CC(=NC=C2)NC(=O)C3=CC=CC=C3)C4=CC=CC(=C4)C
282,TANK_1366,,,
283,TGX221,"InChI=1S/C21H24N4O2/c1-15-12-18(16(2)22-17-6-4-3-5-7-17)21-23-19(13-20(26)25(21)14-15)24-8-10-27-11-9-24/h3-7,12-14,16,22H,8-11H2,1-2H3",CPRAGQJXBLMUEL-UHFFFAOYSA-N,CC1=CN2C(=O)C=C(N=C2C(=C1)C(C)NC3=CC=CC=C3)N4CCOCC4
284,THZ-2-102-1,,,
285,THZ-2-49,,,
286,TL-1-85,,,
287,TL-2-105,,,
288,TPCA-1,"InChI=1S/C12H10FN3O2S/c13-7-3-1-6(2-4-7)9-5-8(10(14)17)11(19-9)16-12(15)18/h1-5H,(H2,14,17)(H3,15,16,18)",SAYGKHKXGCPTLX-UHFFFAOYSA-N,C1=CC(=CC=C1C2=CC(=C(S2)NC(=O)N)C(=O)N)F
289,TTK_3146,,,
290,TW 37,"InChI=1S/C33H35NO6S/c1-20(2)25-11-7-6-10-21(25)18-22-19-26(30(36)31(37)29(22)35)32(38)34-23-14-16-24(17-15-23)41(39,40)28-13-9-8-12-27(28)33(3,4)5/h6-17,19-20,35-37H,18H2,1-5H3,(H,34,38)",PQAPVTKIEGUPRN-UHFFFAOYSA-N,CC(C)C1=CC=CC=C1CC2=CC(=C(C(=C2O)O)O)C(=O)NC3=CC=C(C=C3)S(=O)(=O)C4=CC=CC=C4C(C)(C)C
291,TWS119,"InChI=1S/C18H14N4O2/c19-12-4-1-3-11(7-12)16-9-15-17(22-16)20-10-21-18(15)24-14-6-2-5-13(23)8-14/h1-10,23H,19H2,(H,20,21,22)",VPVLEBIVXZSOMQ-UHFFFAOYSA-N,C1=CC(=CC(=C1)N)C2=CC3=C(N2)N=CN=C3OC4=CC=CC(=C4)O
292,Talazoparib,"InChI=1S/C19H14F2N6O/c1-27-18(22-8-23-27)15-16(9-2-4-10(20)5-3-9)24-13-7-11(21)6-12-14(13)17(15)25-26-19(12)28/h2-8,15-16,24H,1H3,(H,26,28)/t15-,16-/m1/s1",HWGQMRYQVZSGDQ-HZPDHXFCSA-N,CN1C(=NC=N1)C2C(NC3=CC(=CC4=C3C2=NNC4=O)F)C5=CC=C(C=C5)F
293,Tamoxifen,"InChI=1S/C26H29NO/c1-4-25(21-11-7-5-8-12-21)26(22-13-9-6-10-14-22)23-15-17-24(18-16-23)28-20-19-27(2)3/h5-18H,4,19-20H2,1-3H3/b26-25-",NKANXQFJJICGDU-QPLCGJKRSA-N,CCC(=C(C1=CC=CC=C1)C2=CC=C(C=C2)OCCN(C)C)C3=CC=CC=C3
294,Tanespimycin,"InChI=1S/C31H43N3O8/c1-8-12-33-26-21-13-17(2)14-25(41-7)27(36)19(4)15-20(5)29(42-31(32)39)24(40-6)11-9-10-18(3)30(38)34-22(28(21)37)16-23(26)35/h8-11,15-17,19,24-25,27,29,33,36H,1,12-14H2,2-7H3,(H2,32,39)(H,34,38)/b11-9-,18-10+,20-15+/t17-,19+,24+,25+,27-,29+/m1/s1",AYUNIORJHRXIBJ-TXHRRWQRSA-N,CC1CC(C(C(C=C(C(C(C=CC=C(C(=O)NC2=CC(=O)C(=C(C1)C2=O)NCC=C)C)OC)OC(=O)N)C)C)O)OC
295,Temozolomide,"InChI=1S/C6H6N6O2/c1-11-6(14)12-2-8-3(4(7)13)5(12)9-10-11/h2H,1H3,(H2,7,13)",BPEGJWRSRHCHSN-UHFFFAOYSA-N,CN1C(=O)N2C=NC(=C2N=N1)C(=O)N
296,Temsirolimus,"InChI=1S/C56H87NO16/c1-33-17-13-12-14-18-34(2)45(68-9)29-41-22-20-39(7)56(67,73-41)51(63)52(64)57-24-16-15-19-42(57)53(65)71-46(30-43(60)35(3)26-38(6)49(62)50(70-11)48(61)37(5)25-33)36(4)27-40-21-23-44(47(28-40)69-10)72-54(66)55(8,31-58)32-59/h12-14,17-18,26,33,35-37,39-42,44-47,49-50,58-59,62,67H,15-16,19-25,27-32H2,1-11H3/b14-12+,17-13+,34-18+,38-26+/t33-,35-,36-,37-,39-,40+,41+,42+,44-,45+,46+,47-,49-,50+,56-/m1/s1",CBPNZQVSJQDFBE-FUXHJELOSA-N,CC1CCC2CC(C(=CC=CC=CC(CC(C(=O)C(C(C(=CC(C(=O)CC(OC(=O)C3CCCCN3C(=O)C(=O)C1(O2)O)C(C)CC4CCC(C(C4)OC)OC(=O)C(C)(CO)CO)C)C)O)OC)C)C)C)OC
297,Tenovin-6,"InChI=1S/C25H34N4O2S/c1-25(2,3)19-11-9-18(10-12-19)23(31)28-24(32)27-21-15-13-20(14-16-21)26-22(30)8-6-7-17-29(4)5/h9-16H,6-8,17H2,1-5H3,(H,26,30)(H2,27,28,31,32)",BVJSXSQRIUSRCO-UHFFFAOYSA-N,CC(C)(C)C1=CC=C(C=C1)C(=O)NC(=S)NC2=CC=C(C=C2)NC(=O)CCCCN(C)C
298,Thapsigargin,"InChI=1S/C34H50O12/c1-9-12-13-14-15-17-24(37)43-28-26-25(20(5)27(28)44-30(38)19(4)11-3)29-34(41,33(8,40)31(39)45-29)22(42-23(36)16-10-2)18-32(26,7)46-21(6)35/h11,22,26-29,40-41H,9-10,12-18H2,1-8H3/b19-11-/t22-,26+,27-,28-,29-,32-,33+,34+/m0/s1",IXFPJGBNCFXKPI-FSIHEZPISA-N,CCCCCCCC(=O)OC1C2C(=C(C1OC(=O)C(=CC)C)C)C3C(C(CC2(C)OC(=O)C)OC(=O)CCC)(C(C(=O)O3)(C)O)O
299,Tipifarnib,"InChI=1S/C27H22Cl2N4O/c1-32-16-31-15-25(32)27(30,18-6-9-20(28)10-7-18)19-8-11-24-23(13-19)22(14-26(34)33(24)2)17-4-3-5-21(29)12-17/h3-16H,30H2,1-2H3/t27-/m1/s1",PLHJCIYEEKOWNM-HHHXNRCGSA-N,CN1C=NC=C1C(C2=CC=C(C=C2)Cl)(C3=CC4=C(C=C3)N(C(=O)C=C4C5=CC(=CC=C5)Cl)C)N
300,Tivozanib,"InChI=1S/C22H19ClN4O5/c1-12-8-21(27-32-12)26-22(28)25-16-5-4-13(9-15(16)23)31-18-6-7-24-17-11-20(30-3)19(29-2)10-14(17)18/h4-11H,1-3H3,(H2,25,26,27,28)",SPMVMDHWKHCIDT-UHFFFAOYSA-N,CC1=CC(=NO1)NC(=O)NC2=C(C=C(C=C2)OC3=C4C=C(C(=CC4=NC=C3)OC)OC)Cl
301,Torin 2,"InChI=1S/C24H15F3N4O/c25-24(26,27)17-2-1-3-18(11-17)31-22(32)9-6-16-13-29-20-7-4-14(10-19(20)23(16)31)15-5-8-21(28)30-12-15/h1-13H,(H2,28,30)",GUXXEUUYCAYESJ-UHFFFAOYSA-N,C1=CC(=CC(=C1)N2C(=O)C=CC3=CN=C4C=CC(=CC4=C32)C5=CN=C(C=C5)N)C(F)(F)F
302,Tozasertib,"InChI=1S/C23H28N8OS/c1-15-13-20(29-28-15)25-19-14-21(31-11-9-30(2)10-12-31)27-23(26-19)33-18-7-5-17(6-8-18)24-22(32)16-3-4-16/h5-8,13-14,16H,3-4,9-12H2,1-2H3,(H,24,32)(H2,25,26,27,28,29)",GCIKSSRWRFVXBI-UHFFFAOYSA-N,CC1=CC(=NN1)NC2=CC(=NC(=N2)SC3=CC=C(C=C3)NC(=O)C4CC4)N5CCN(CC5)C
303,Trametinib,"InChI=1S/C26H23FIN5O4/c1-13-22-21(23(31(3)24(13)35)30-20-10-7-15(28)11-19(20)27)25(36)33(17-8-9-17)26(37)32(22)18-6-4-5-16(12-18)29-14(2)34/h4-7,10-12,17,30H,8-9H2,1-3H3,(H,29,34)",LIRYPHYGHXZJBZ-UHFFFAOYSA-N,CC1=C2C(=C(N(C1=O)C)NC3=C(C=C(C=C3)I)F)C(=O)N(C(=O)N2C4=CC=CC(=C4)NC(=O)C)C5CC5
304,Tretinoin,"InChI=1S/C20H28O2/c1-15(8-6-9-16(2)14-19(21)22)11-12-18-17(3)10-7-13-20(18,4)5/h6,8-9,11-12,14H,7,10,13H2,1-5H3,(H,21,22)/b9-6+,12-11+,15-8+,16-14+",SHGAZHPCJJPHSC-YCNIQYBTSA-N,CC1=C(C(CCC1)(C)C)C=CC(=CC=CC(=CC(=O)O)C)C
305,Trichostatin A,"InChI=1S/C17H22N2O3/c1-12(5-10-16(20)18-22)11-13(2)17(21)14-6-8-15(9-7-14)19(3)4/h5-11,13,22H,1-4H3,(H,18,20)/b10-5+,12-11+/t13-/m1/s1",RTKIYFITIVXBLE-QEQCGCAPSA-N,CC(C=C(C)C=CC(=O)NO)C(=O)C1=CC=C(C=C1)N(C)C
306,Tubastatin A,"InChI=1S/C20H21N3O2/c1-22-11-10-19-17(13-22)16-4-2-3-5-18(16)23(19)12-14-6-8-15(9-7-14)20(24)21-25/h2-9,25H,10-13H2,1H3,(H,21,24)",GOVYBPLHWIEHEJ-UHFFFAOYSA-N,CN1CCC2=C(C1)C3=CC=CC=C3N2CC4=CC=C(C=C4)C(=O)NO
307,UNC0638,"InChI=1S/C30H47N5O2/c1-22(2)35-17-12-24(13-18-35)31-30-25-20-27(36-3)28(37-19-9-16-34-14-7-8-15-34)21-26(25)32-29(33-30)23-10-5-4-6-11-23/h20-24H,4-19H2,1-3H3,(H,31,32,33)",QOECJCJVIMVJGX-UHFFFAOYSA-N,CC(C)N1CCC(CC1)NC2=NC(=NC3=CC(=C(C=C32)OC)OCCCN4CCCC4)C5CCCCC5
308,UNC0642,"InChI=1S/C29H44F2N6O2/c1-21(2)36-14-7-22(8-15-36)32-27-23-19-25(38-3)26(39-18-6-13-35-11-4-5-12-35)20-24(23)33-28(34-27)37-16-9-29(30,31)10-17-37/h19-22H,4-18H2,1-3H3,(H,32,33,34)",RNAMYOYQYRYFQY-UHFFFAOYSA-N,CC(C)N1CCC(CC1)NC2=NC(=NC3=CC(=C(C=C32)OC)OCCCN4CCCC4)N5CCC(CC5)(F)F
309,UNC1215,"InChI=1S/C32H43N5O2/c38-31(36-20-12-27(13-21-36)34-16-4-5-17-34)25-10-11-29(30(24-25)33-26-8-2-1-3-9-26)32(39)37-22-14-28(15-23-37)35-18-6-7-19-35/h1-3,8-11,24,27-28,33H,4-7,12-23H2",PQOOIERVZAXHBP-UHFFFAOYSA-N,C1CCN(C1)C2CCN(CC2)C(=O)C3=CC(=C(C=C3)C(=O)N4CCC(CC4)N5CCCC5)NC6=CC=CC=C6
310,VNLG/124,,,
311,VX-11e,"InChI=1S/C24H20Cl2FN5O2/c1-13-10-29-24(31-19-6-5-17(27)9-18(19)26)32-22(13)15-8-20(28-11-15)23(34)30-21(12-33)14-3-2-4-16(25)7-14/h2-11,21,28,33H,12H2,1H3,(H,30,34)(H,29,31,32)/t21-/m1/s1",WUTVMXLIGHTZJC-OAQYLSRUSA-N,CC1=CN=C(N=C1C2=CNC(=C2)C(=O)NC(CO)C3=CC(=CC=C3)Cl)NC4=C(C=C(C=C4)F)Cl
312,VX-702,"InChI=1S/C19H12F4N4O2/c20-9-4-5-10(14(23)8-9)16-11(18(24)28)6-7-15(26-16)27(19(25)29)17-12(21)2-1-3-13(17)22/h1-8H,(H2,24,28)(H2,25,29)",FYSRKRZDBHOFAY-UHFFFAOYSA-N,C1=CC(=C(C(=C1)F)N(C2=NC(=C(C=C2)C(=O)N)C3=C(C=C(C=C3)F)F)C(=O)N)F
313,Veliparib,"InChI=1S/C13H16N4O/c1-13(6-3-7-15-13)12-16-9-5-2-4-8(11(14)18)10(9)17-12/h2,4-5,15H,3,6-7H2,1H3,(H2,14,18)(H,16,17)/t13-/m1/s1",JNAHVYVRKWKWKQ-CYBMUJFWSA-N,CC1(CCCN1)C2=NC3=C(C=CC=C3N2)C(=O)N
314,Venotoclax,,,
315,Vinblastine,"InChI=1S/C46H58N4O9/c1-8-42(54)23-28-24-45(40(52)57-6,36-30(15-19-49(25-28)26-42)29-13-10-11-14-33(29)47-36)32-21-31-34(22-35(32)56-5)48(4)38-44(31)17-20-50-18-12-16-43(9-2,37(44)50)39(59-27(3)51)46(38,55)41(53)58-7/h10-14,16,21-22,28,37-39,47,54-55H,8-9,15,17-20,23-26H2,1-7H3/t28-,37-,38+,39+,42-,43+,44+,45-,46-/m0/s1",JXLYSJRDGCGARV-CFWMRBGOSA-N,CCC1(CC2CC(C3=C(CCN(C2)C1)C4=CC=CC=C4N3)(C5=C(C=C6C(=C5)C78CCN9C7C(C=CC9)(C(C(C8N6C)(C(=O)OC)O)OC(=O)C)CC)OC)C(=O)OC)O
316,Vinorelbine,"InChI=1S/C45H54N4O8/c1-8-27-19-28-22-44(40(51)55-6,36-30(25-48(23-27)24-28)29-13-10-11-14-33(29)46-36)32-20-31-34(21-35(32)54-5)47(4)38-43(31)16-18-49-17-12-15-42(9-2,37(43)49)39(57-26(3)50)45(38,53)41(52)56-7/h10-15,19-21,28,37-39,46,53H,8-9,16-18,22-25H2,1-7H3/t28-,37-,38+,39+,42+,43+,44-,45-/m0/s1",GBABOYUKABKIAF-IELIFDKJSA-N,CCC1=CC2CC(C3=C(CN(C2)C1)C4=CC=CC=C4N3)(C5=C(C=C6C(=C5)C78CCN9C7C(C=CC9)(C(C(C8N6C)(C(=O)OC)O)OC(=O)C)CC)OC)C(=O)OC
317,Vismodegib,"InChI=1S/C19H14Cl2N2O3S/c1-27(25,26)13-6-7-14(17(21)11-13)19(24)23-12-5-8-16(20)15(10-12)18-4-2-3-9-22-18/h2-11H,1H3,(H,23,24)",BPQMGSKTAYIVFO-UHFFFAOYSA-N,CS(=O)(=O)C1=CC(=C(C=C1)C(=O)NC2=CC(=C(C=C2)Cl)C3=CC=CC=N3)Cl
318,Vorinostat,"InChI=1S/C14H20N2O3/c17-13(15-12-8-4-3-5-9-12)10-6-1-2-7-11-14(18)16-19/h3-5,8-9,19H,1-2,6-7,10-11H2,(H,15,17)(H,16,18)",WAEXFXRVDQXREF-UHFFFAOYSA-N,C1=CC=C(C=C1)NC(=O)CCCCCCC(=O)NO
319,Voxtalisib,"InChI=1S/C13H14N6O/c1-3-19-11-8(7(2)16-13(14)17-11)6-9(12(19)20)10-4-5-15-18-10/h4-6H,3H2,1-2H3,(H,15,18)(H2,14,16,17)",RGHYDLZMTYDBDT-UHFFFAOYSA-N,CCN1C2=NC(=NC(=C2C=C(C1=O)C3=CC=NN3)C)N
320,WH-4-023,"InChI=1S/C32H36N6O4/c1-22-7-6-8-23(2)30(22)42-32(39)38(27-14-13-26(40-4)21-28(27)41-5)29-15-16-33-31(35-29)34-24-9-11-25(12-10-24)37-19-17-36(3)18-20-37/h6-16,21H,17-20H2,1-5H3,(H,33,34,35)",NBTNHSGBRGTFJS-UHFFFAOYSA-N,CC1=C(C(=CC=C1)C)OC(=O)N(C2=C(C=C(C=C2)OC)OC)C3=NC(=NC=C3)NC4=CC=C(C=C4)N5CCN(CC5)C
321,WHI-P97,"InChI=1S/C16H13Br2N3O3/c1-23-13-5-9-12(6-14(13)24-2)19-7-20-16(9)21-8-3-10(17)15(22)11(18)4-8/h3-7,22H,1-2H3,(H,19,20,21)",YVCXQRVVNQMZEI-UHFFFAOYSA-N,COC1=C(C=C2C(=C1)C(=NC=N2)NC3=CC(=C(C(=C3)Br)O)Br)OC
322,WYE-125132,"InChI=1S/C27H33N7O4/c1-28-26(35)30-18-4-2-17(3-5-18)23-31-24(33-15-20-6-7-21(16-33)38-20)22-14-29-34(25(22)32-23)19-8-10-27(11-9-19)36-12-13-37-27/h2-5,14,19-21H,6-13,15-16H2,1H3,(H2,28,30,35)",QLHHRYZMBGPBJG-UHFFFAOYSA-N,CNC(=O)NC1=CC=C(C=C1)C2=NC3=C(C=NN3C4CCC5(CC4)OCCO5)C(=N2)N6CC7CCC(C6)O7
323,WZ-1-84,,,
324,WZ3105,,,
325,Wee1 Inhibitor,"InChI=1S/C20H11ClN2O3/c21-13-4-2-1-3-10(13)11-8-15-16(18-17(11)19(25)23-20(18)26)12-7-9(24)5-6-14(12)22-15/h1-8,22,24H,(H,23,25,26)",DPEXRCOBPACFOO-UHFFFAOYSA-N,C1=CC=C(C(=C1)C2=CC3=C(C4=C(N3)C=CC(=C4)O)C5=C2C(=O)NC5=O)Cl
326,Wnt-C59,"InChI=1S/C25H21N3O/c1-18-15-22(12-14-27-18)20-6-4-19(5-7-20)16-25(29)28-24-10-8-21(9-11-24)23-3-2-13-26-17-23/h2-15,17H,16H2,1H3,(H,28,29)",KHZOJCQBHJUJFY-UHFFFAOYSA-N,CC1=NC=CC(=C1)C2=CC=C(C=C2)CC(=O)NC3=CC=C(C=C3)C4=CN=CC=C4
327,XAV939,"InChI=1S/C14H11F3N2OS/c15-14(16,17)9-3-1-8(2-4-9)12-18-11-5-6-21-7-10(11)13(20)19-12/h1-4H,5-7H2,(H,18,19,20)",KLGQSVMIPOVQAX-UHFFFAOYSA-N,C1CSCC2=C1N=C(NC2=O)C3=CC=C(C=C3)C(F)(F)F
328,XMD11-85h,,,
329,XMD13-2,,,
330,XMD14-99,,,
331,XMD15-27,,,
332,XMD8-85,"InChI=1S/C25H29N7O2/c1-29-11-13-32(14-12-29)17-9-10-19(22(15-17)34-4)27-25-26-16-21-23(28-25)30(2)20-8-6-5-7-18(20)24(33)31(21)3/h5-10,15-16H,11-14H2,1-4H3,(H,26,27,28)",DDTPGANIPBKTNU-UHFFFAOYSA-N,CN1CCN(CC1)C2=CC(=C(C=C2)NC3=NC=C4C(=N3)N(C5=CC=CC=C5C(=O)N4C)C)OC
333,XMD8-92,"InChI=1S/C26H30N6O3/c1-4-35-23-15-17(32-13-11-18(33)12-14-32)9-10-20(23)28-26-27-16-22-24(29-26)30(2)21-8-6-5-7-19(21)25(34)31(22)3/h5-10,15-16,18,33H,4,11-14H2,1-3H3,(H,27,28,29)",QAPAJIZPZGWAND-UHFFFAOYSA-N,CCOC1=C(C=CC(=C1)N2CCC(CC2)O)NC3=NC=C4C(=N3)N(C5=CC=CC=C5C(=O)N4C)C
334,Y-39983,"InChI=1S/C16H16N4O/c1-10(17)11-2-4-12(5-3-11)16(21)20-14-7-9-19-15-13(14)6-8-18-15/h2-10H,17H2,1H3,(H2,18,19,20,21)/t10-/m1/s1",JTVBXQAYBIJXRP-SNVBAGLBSA-N,CC(C1=CC=C(C=C1)C(=O)NC2=C3C=CNC3=NC=C2)N
335,YK-4-279,"InChI=1S/C17H13Cl2NO4/c1-24-10-4-2-9(3-5-10)13(21)8-17(23)14-11(18)6-7-12(19)15(14)20-16(17)22/h2-7,23H,8H2,1H3,(H,20,22)",HLXSCTYHLQHQDJ-UHFFFAOYSA-N,COC1=CC=C(C=C1)C(=O)CC2(C3=C(C=CC(=C3NC2=O)Cl)Cl)O
336,YM201636,"InChI=1S/C25H21N7O3/c26-19-7-6-16(14-28-19)24(33)29-17-4-1-3-15(13-17)22-30-20-18-5-2-8-27-25(18)35-21(20)23(31-22)32-9-11-34-12-10-32/h1-8,13-14H,9-12H2,(H2,26,28)(H,29,33)",YBPIBGNBHHGLEB-UHFFFAOYSA-N,C1COCCN1C2=NC(=NC3=C2OC4=C3C=CC=N4)C5=CC(=CC=C5)NC(=O)C6=CN=C(C=C6)N
337,Z-LLNle-CHO,"InChI=1S/C26H41N3O5/c1-6-7-13-21(16-30)27-24(31)22(14-18(2)3)28-25(32)23(15-19(4)5)29-26(33)34-17-20-11-9-8-10-12-20/h8-12,16,18-19,21-23H,6-7,13-15,17H2,1-5H3,(H,27,31)(H,28,32)(H,29,33)/t21-,22-,23-/m0/s1",RNPDUXVFGTULLP-VABKMULXSA-N,CCCCC(C=O)NC(=O)C(CC(C)C)NC(=O)C(CC(C)C)NC(=O)OCC1=CC=CC=C1
338,ZG-10,"InChI=1S/C28H27N7O2/c1-35(2)17-5-9-26(36)31-22-12-10-20(11-13-22)27(37)32-23-7-3-8-24(18-23)33-28-30-16-14-25(34-28)21-6-4-15-29-19-21/h3-16,18-19H,17H2,1-2H3,(H,31,36)(H,32,37)(H,30,33,34)/b9-5+",VZEONOGFXYTZGT-WEVVVXLNSA-N,CN(C)CC=CC(=O)NC1=CC=C(C=C1)C(=O)NC2=CC=CC(=C2)NC3=NC=CC(=N3)C4=CN=CC=C4
339,ZM447439,"InChI=1S/C29H31N5O4/c1-36-26-18-24-25(19-27(26)38-15-5-12-34-13-16-37-17-14-34)30-20-31-28(24)32-22-8-10-23(11-9-22)33-29(35)21-6-3-2-4-7-21/h2-4,6-11,18-20H,5,12-17H2,1H3,(H,33,35)(H,30,31,32)",OGNYUTNQZVRGMN-UHFFFAOYSA-N,COC1=C(C=C2C(=C1)C(=NC=N2)NC3=CC=C(C=C3)NC(=O)C4=CC=CC=C4)OCCCN5CCOCC5
340,ZSTK474,"InChI=1S/C19H21F2N7O2/c20-15(21)16-22-13-3-1-2-4-14(13)28(16)19-24-17(26-5-9-29-10-6-26)23-18(25-19)27-7-11-30-12-8-27/h1-4,15H,5-12H2",HGVNLRPZOWWDKD-UHFFFAOYSA-N,C1COCCN1C2=NC(=NC(=N2)N3C4=CC=CC=C4N=C3C(F)F)N5CCOCC5
341,Zibotentan,"InChI=1S/C19H16N6O4S/c1-12-10-21-17(19(23-12)28-2)25-30(26,27)15-4-3-9-20-16(15)13-5-7-14(8-6-13)18-24-22-11-29-18/h3-11H,1-2H3,(H,21,25)",FJHHZXWJVIEFGJ-UHFFFAOYSA-N,CC1=CN=C(C(=N1)OC)NS(=O)(=O)C2=C(N=CC=C2)C3=CC=C(C=C3)C4=NN=CO4
342,"eEF2K Inhibitor, A-484954",,,
343,kb NB 142-70,"InChI=1S/C11H9NO2S2/c13-6-1-2-8-7(5-6)9-10(16-8)11(14)12-3-4-15-9/h1-2,5,13H,3-4H2,(H,12,14)",DHUAGGSHTKPOHU-UHFFFAOYSA-N,C1CSC2=C(C(=O)N1)SC3=C2C=C(C=C3)O
344,rTRAIL,,,
